[27Feb2026 02:36:12.054] [main/INFO] [cpw.mods.modlauncher.Launcher/MODLAUNCHER]: ModLauncher running: args [--launchTarget, forgeserver, --fml.forgeVersion, 47.4.16, --fml.mcVersion, 1.20.1, --fml.forgeGroup, net.minecraftforge, --fml.mcpVersion, 20230612.114412, nogui]
[27Feb2026 02:36:12.058] [main/INFO] [cpw.mods.modlauncher.Launcher/MODLAUNCHER]: ModLauncher 10.0.9+10.0.9+main.dcd20f30 starting: java version 17.0.18 by Ubuntu; OS Linux arch amd64 version 6.8.0-1044-azure
[27Feb2026 02:36:12.084] [main/DEBUG] [cpw.mods.modlauncher.LaunchServiceHandler/MODLAUNCHER]: Found launch services [fmlclientdev,forgeclient,minecraft,forgegametestserverdev,fmlserveruserdev,fmlclient,fmldatauserdev,forgeserverdev,forgeserveruserdev,forgeclientdev,forgeclientuserdev,forgeserver,forgedatadev,fmlserver,fmlclientuserdev,fmlserverdev,forgedatauserdev,testharness,forgegametestserveruserdev]
[27Feb2026 02:36:12.095] [main/DEBUG] [cpw.mods.modlauncher.NameMappingServiceHandler/MODLAUNCHER]: Found naming services : [srgtomcp]
[27Feb2026 02:36:12.110] [main/DEBUG] [cpw.mods.modlauncher.LaunchPluginHandler/MODLAUNCHER]: Found launch plugins: [mixin,eventbus,slf4jfixer,object_holder_definalize,runtime_enum_extender,capability_token_subclass,accesstransformer,runtimedistcleaner]
[27Feb2026 02:36:12.119] [main/DEBUG] [cpw.mods.modlauncher.TransformationServicesHandler/MODLAUNCHER]: Discovering transformation services
[27Feb2026 02:36:12.125] [main/DEBUG] [net.minecraftforge.fml.loading.FMLPaths/CORE]: Path GAMEDIR is /workspaces/UniversoTherianer/servidor_minecraft
[27Feb2026 02:36:12.126] [main/DEBUG] [net.minecraftforge.fml.loading.FMLPaths/CORE]: Path MODSDIR is /workspaces/UniversoTherianer/servidor_minecraft/mods
[27Feb2026 02:36:12.126] [main/DEBUG] [net.minecraftforge.fml.loading.FMLPaths/CORE]: Path CONFIGDIR is /workspaces/UniversoTherianer/servidor_minecraft/config
[27Feb2026 02:36:12.126] [main/DEBUG] [net.minecraftforge.fml.loading.FMLPaths/CORE]: Path FMLCONFIG is /workspaces/UniversoTherianer/servidor_minecraft/config/fml.toml
[27Feb2026 02:36:12.384] [main/DEBUG] [cpw.mods.modlauncher.TransformationServicesHandler/MODLAUNCHER]: Found additional transformation services from discovery services: 
[27Feb2026 02:36:12.390] [main/INFO] [net.minecraftforge.fml.loading.ImmediateWindowHandler/]: ImmediateWindowProvider not loading because launch target is forgeserver
[27Feb2026 02:36:12.405] [main/DEBUG] [cpw.mods.modlauncher.TransformationServicesHandler/MODLAUNCHER]: Found transformer services : [mixin,fml]
[27Feb2026 02:36:12.405] [main/DEBUG] [cpw.mods.modlauncher.TransformationServicesHandler/MODLAUNCHER]: Transformation services loading
[27Feb2026 02:36:12.406] [main/DEBUG] [cpw.mods.modlauncher.TransformationServiceDecorator/MODLAUNCHER]: Loading service mixin
[27Feb2026 02:36:12.406] [main/DEBUG] [cpw.mods.modlauncher.TransformationServiceDecorator/MODLAUNCHER]: Loaded service mixin
[27Feb2026 02:36:12.406] [main/DEBUG] [cpw.mods.modlauncher.TransformationServiceDecorator/MODLAUNCHER]: Loading service fml
[27Feb2026 02:36:12.407] [main/DEBUG] [net.minecraftforge.fml.loading.LauncherVersion/CORE]: Found FMLLauncher version 1.0
[27Feb2026 02:36:12.407] [main/DEBUG] [net.minecraftforge.fml.loading.FMLLoader/CORE]: FML 1.0 loading
[27Feb2026 02:36:12.408] [main/DEBUG] [net.minecraftforge.fml.loading.FMLLoader/CORE]: FML found ModLauncher version : 10.0.9+10.0.9+main.dcd20f30
[27Feb2026 02:36:12.408] [main/DEBUG] [net.minecraftforge.fml.loading.FMLLoader/CORE]: Requesting CoreMods to not apply the fix for ASMAPI.findFirstInstructionBefore by default
[27Feb2026 02:36:12.408] [main/DEBUG] [net.minecraftforge.fml.loading.FMLLoader/CORE]: FML found AccessTransformer version : 8.0.4+66+master.c09db6d7
[27Feb2026 02:36:12.409] [main/DEBUG] [net.minecraftforge.fml.loading.FMLLoader/CORE]: FML found EventBus version : 6.2.33
[27Feb2026 02:36:12.409] [main/DEBUG] [net.minecraftforge.fml.loading.FMLLoader/CORE]: Found Runtime Dist Cleaner
[27Feb2026 02:36:12.411] [main/DEBUG] [net.minecraftforge.coremod.CoreModEngine/]: CoreMods will preserve legacy behavior of ASMAPI.findFirstInstructionBefore for backwards-compatibility
[27Feb2026 02:36:12.411] [main/DEBUG] [net.minecraftforge.fml.loading.FMLLoader/CORE]: FML found CoreMod version : 5.2.4
[27Feb2026 02:36:12.411] [main/DEBUG] [net.minecraftforge.fml.loading.FMLLoader/CORE]: Found ForgeSPI package implementation version 7.0.1+7.0.1+master.d2b38bf6
[27Feb2026 02:36:12.411] [main/DEBUG] [net.minecraftforge.fml.loading.FMLLoader/CORE]: Found ForgeSPI package specification 5
[27Feb2026 02:36:12.411] [main/DEBUG] [cpw.mods.modlauncher.TransformationServiceDecorator/MODLAUNCHER]: Loaded service fml
[27Feb2026 02:36:12.412] [main/DEBUG] [cpw.mods.modlauncher.TransformationServicesHandler/MODLAUNCHER]: Configuring option handling for services
[27Feb2026 02:36:12.419] [main/DEBUG] [cpw.mods.modlauncher.TransformationServicesHandler/MODLAUNCHER]: Transformation services initializing
[27Feb2026 02:36:12.419] [main/DEBUG] [cpw.mods.modlauncher.TransformationServiceDecorator/MODLAUNCHER]: Initializing transformation service mixin
[27Feb2026 02:36:12.435] [main/DEBUG] [mixin/]: MixinService [ModLauncher] was successfully booted in cpw.mods.cl.ModuleClassLoader@44c8afef
[27Feb2026 02:36:12.456] [main/INFO] [mixin/]: SpongePowered MIXIN Subsystem Version=0.8.5 Source=union:/workspaces/UniversoTherianer/servidor_minecraft/libraries/org/spongepowered/mixin/0.8.5/mixin-0.8.5.jar%2363!/ Service=ModLauncher Env=SERVER
[27Feb2026 02:36:12.460] [main/DEBUG] [mixin/]: Initialising Mixin Platform Manager
[27Feb2026 02:36:12.460] [main/DEBUG] [mixin/]: Adding mixin platform agents for container ModLauncher Root Container(ModLauncher:4f56a0a2)
[27Feb2026 02:36:12.460] [main/DEBUG] [mixin/]: Instancing new MixinPlatformAgentMinecraftForge for ModLauncher Root Container(ModLauncher:4f56a0a2)
[27Feb2026 02:36:12.461] [main/DEBUG] [mixin/]: MixinPlatformAgentMinecraftForge rejected container ModLauncher Root Container(ModLauncher:4f56a0a2)
[27Feb2026 02:36:12.461] [main/DEBUG] [mixin/]: Instancing new MixinPlatformAgentDefault for ModLauncher Root Container(ModLauncher:4f56a0a2)
[27Feb2026 02:36:12.461] [main/DEBUG] [mixin/]: MixinPlatformAgentDefault accepted container ModLauncher Root Container(ModLauncher:4f56a0a2)
[27Feb2026 02:36:12.464] [main/DEBUG] [cpw.mods.modlauncher.TransformationServiceDecorator/MODLAUNCHER]: Initialized transformation service mixin
[27Feb2026 02:36:12.465] [main/DEBUG] [cpw.mods.modlauncher.TransformationServiceDecorator/MODLAUNCHER]: Initializing transformation service fml
[27Feb2026 02:36:12.465] [main/DEBUG] [net.minecraftforge.fml.loading.FMLServiceProvider/CORE]: Setting up basic FML game directories
[27Feb2026 02:36:12.465] [main/DEBUG] [net.minecraftforge.fml.loading.FMLPaths/CORE]: Path GAMEDIR is /workspaces/UniversoTherianer/servidor_minecraft
[27Feb2026 02:36:12.465] [main/DEBUG] [net.minecraftforge.fml.loading.FMLPaths/CORE]: Path MODSDIR is /workspaces/UniversoTherianer/servidor_minecraft/mods
[27Feb2026 02:36:12.466] [main/DEBUG] [net.minecraftforge.fml.loading.FMLPaths/CORE]: Path CONFIGDIR is /workspaces/UniversoTherianer/servidor_minecraft/config
[27Feb2026 02:36:12.466] [main/DEBUG] [net.minecraftforge.fml.loading.FMLPaths/CORE]: Path FMLCONFIG is /workspaces/UniversoTherianer/servidor_minecraft/config/fml.toml
[27Feb2026 02:36:12.466] [main/DEBUG] [net.minecraftforge.fml.loading.FMLServiceProvider/CORE]: Loading configuration
[27Feb2026 02:36:12.468] [main/DEBUG] [net.minecraftforge.fml.loading.FMLServiceProvider/CORE]: Preparing ModFile
[27Feb2026 02:36:12.471] [main/DEBUG] [net.minecraftforge.fml.loading.FMLServiceProvider/CORE]: Preparing launch handler
[27Feb2026 02:36:12.471] [main/DEBUG] [net.minecraftforge.fml.loading.FMLLoader/CORE]: Using forgeserver as launch service
[27Feb2026 02:36:12.483] [main/DEBUG] [net.minecraftforge.fml.loading.FMLLoader/CORE]: Received command line version data  : VersionInfo[forgeVersion=47.4.16, mcVersion=1.20.1, mcpVersion=20230612.114412, forgeGroup=net.minecraftforge]
[27Feb2026 02:36:12.484] [main/DEBUG] [cpw.mods.modlauncher.TransformationServiceDecorator/MODLAUNCHER]: Initialized transformation service fml
[27Feb2026 02:36:12.485] [main/DEBUG] [cpw.mods.modlauncher.NameMappingServiceHandler/MODLAUNCHER]: Current naming domain is 'srg'
[27Feb2026 02:36:12.485] [main/DEBUG] [cpw.mods.modlauncher.NameMappingServiceHandler/MODLAUNCHER]: Identified name mapping providers {}
[27Feb2026 02:36:12.485] [main/DEBUG] [cpw.mods.modlauncher.TransformationServicesHandler/MODLAUNCHER]: Transformation services begin scanning
[27Feb2026 02:36:12.486] [main/DEBUG] [cpw.mods.modlauncher.TransformationServiceDecorator/MODLAUNCHER]: Beginning scan trigger - transformation service mixin
[27Feb2026 02:36:12.486] [main/DEBUG] [cpw.mods.modlauncher.TransformationServiceDecorator/MODLAUNCHER]: End scan trigger - transformation service mixin
[27Feb2026 02:36:12.486] [main/DEBUG] [cpw.mods.modlauncher.TransformationServiceDecorator/MODLAUNCHER]: Beginning scan trigger - transformation service fml
[27Feb2026 02:36:12.486] [main/DEBUG] [net.minecraftforge.fml.loading.FMLServiceProvider/CORE]: Initiating mod scan
[27Feb2026 02:36:12.495] [main/DEBUG] [net.minecraftforge.fml.loading.moddiscovery.ModListHandler/CORE]: Found mod coordinates from lists: []
[27Feb2026 02:36:12.499] [main/DEBUG] [net.minecraftforge.fml.loading.moddiscovery.ModDiscoverer/CORE]: Found Mod Locators : (mods folder:null),(maven libs:null),(exploded directory:null),(minecraft:null),(userdev classpath:null)
[27Feb2026 02:36:12.499] [main/DEBUG] [net.minecraftforge.fml.loading.moddiscovery.ModDiscoverer/CORE]: Found Dependency Locators : (JarInJar:null)
[27Feb2026 02:36:12.506] [main/DEBUG] [net.minecraftforge.fml.loading.moddiscovery.ModFileParser/LOADING]: Considering mod file candidate /workspaces/UniversoTherianer/servidor_minecraft/mods/bossominium-18.6.jar
[27Feb2026 02:36:12.550] [main/DEBUG] [net.minecraftforge.fml.loading.moddiscovery.ModFileInfo/LOADING]: Found valid mod file bossominium-18.6.jar with {bossominium} mods - versions {18.6}
[27Feb2026 02:36:12.561] [main/DEBUG] [net.minecraftforge.fml.loading.moddiscovery.ModFileParser/LOADING]: Considering mod file candidate /workspaces/UniversoTherianer/servidor_minecraft/mods/Chunky-1.3.146.jar
[27Feb2026 02:36:12.565] [main/DEBUG] [net.minecraftforge.fml.loading.moddiscovery.ModFileInfo/LOADING]: Found valid mod file Chunky-1.3.146.jar with {chunky} mods - versions {1.3.146}
[27Feb2026 02:36:12.567] [main/DEBUG] [net.minecraftforge.fml.loading.moddiscovery.ModFileParser/LOADING]: Considering mod file candidate /workspaces/UniversoTherianer/servidor_minecraft/mods/DungeonsArise-1.20.x-2.1.58-release.jar
[27Feb2026 02:36:12.569] [main/DEBUG] [net.minecraftforge.fml.loading.moddiscovery.ModFileInfo/LOADING]: Found valid mod file DungeonsArise-1.20.x-2.1.58-release.jar with {dungeons_arise} mods - versions {2.1.58-1.20.x}
[27Feb2026 02:36:12.570] [main/DEBUG] [net.minecraftforge.fml.loading.moddiscovery.ModFileParser/LOADING]: Considering mod file candidate /workspaces/UniversoTherianer/servidor_minecraft/mods/DungeonsAriseSevenSeas-1.20.x-1.0.2-forge.jar
[27Feb2026 02:36:12.571] [main/DEBUG] [net.minecraftforge.fml.loading.moddiscovery.ModFileInfo/LOADING]: Found valid mod file DungeonsAriseSevenSeas-1.20.x-1.0.2-forge.jar with {dungeons_arise_seven_seas} mods - versions {1.0.2}
[27Feb2026 02:36:12.572] [main/DEBUG] [net.minecraftforge.fml.loading.moddiscovery.ModFileParser/LOADING]: Considering mod file candidate /workspaces/UniversoTherianer/servidor_minecraft/mods/geckolib-forge-1.20.1-4.7.3.jar
[27Feb2026 02:36:12.573] [main/DEBUG] [net.minecraftforge.fml.loading.moddiscovery.ModFileInfo/LOADING]: Found valid mod file geckolib-forge-1.20.1-4.7.3.jar with {geckolib} mods - versions {4.7.3}
[27Feb2026 02:36:12.574] [main/DEBUG] [net.minecraftforge.fml.loading.moddiscovery.ModFileParser/LOADING]: Considering mod file candidate /workspaces/UniversoTherianer/servidor_minecraft/mods/jei-1.20.1-forge-15.20.0.129.jar
[27Feb2026 02:36:12.576] [main/DEBUG] [net.minecraftforge.fml.loading.moddiscovery.ModFileInfo/LOADING]: Found valid mod file jei-1.20.1-forge-15.20.0.129.jar with {jei} mods - versions {15.20.0.129}
[27Feb2026 02:36:12.577] [main/DEBUG] [net.minecraftforge.fml.loading.moddiscovery.ModFileParser/LOADING]: Considering mod file candidate /workspaces/UniversoTherianer/servidor_minecraft/mods/jet_and_elias_armors-1.4-1.20.1-CF.jar
[27Feb2026 02:36:12.578] [main/DEBUG] [net.minecraftforge.fml.loading.moddiscovery.ModFileInfo/LOADING]: Found valid mod file jet_and_elias_armors-1.4-1.20.1-CF.jar with {jet_and_elias_armors} mods - versions {1.0.0}
[27Feb2026 02:36:12.579] [main/DEBUG] [net.minecraftforge.fml.loading.moddiscovery.ModFileParser/LOADING]: Considering mod file candidate /workspaces/UniversoTherianer/servidor_minecraft/mods/travelersbackpack-forge-1.20.1-9.1.39.jar
[27Feb2026 02:36:12.580] [main/DEBUG] [net.minecraftforge.fml.loading.moddiscovery.ModFileInfo/LOADING]: Found valid mod file travelersbackpack-forge-1.20.1-9.1.39.jar with {travelersbackpack} mods - versions {9.1.39}
[27Feb2026 02:36:12.581] [main/DEBUG] [net.minecraftforge.fml.loading.moddiscovery.ModFileParser/LOADING]: Considering mod file candidate /workspaces/UniversoTherianer/servidor_minecraft/mods/voicechat-forge-1.20.1-2.6.12.jar
[27Feb2026 02:36:12.583] [main/DEBUG] [net.minecraftforge.fml.loading.moddiscovery.ModFileInfo/LOADING]: Found valid mod file voicechat-forge-1.20.1-2.6.12.jar with {voicechat,voicechat_api} mods - versions {1.20.1-2.6.12,2.6.0}
[27Feb2026 02:36:12.713] [main/DEBUG] [net.minecraftforge.fml.loading.moddiscovery.ModFileInfo/LOADING]: Found valid mod file server-1.20.1-20230612.114412-srg.jar with {minecraft} mods - versions {1.20.1}
[27Feb2026 02:36:12.716] [main/DEBUG] [net.minecraftforge.fml.loading.moddiscovery.ModFileParser/LOADING]: Considering mod file candidate /workspaces/UniversoTherianer/servidor_minecraft/libraries/net/minecraftforge/fmlcore/1.20.1-47.4.16/fmlcore-1.20.1-47.4.16.jar
[27Feb2026 02:36:12.716] [main/WARN] [net.minecraftforge.fml.loading.moddiscovery.ModFileParser/LOADING]: Mod file /workspaces/UniversoTherianer/servidor_minecraft/libraries/net/minecraftforge/fmlcore/1.20.1-47.4.16/fmlcore-1.20.1-47.4.16.jar is missing mods.toml file
[27Feb2026 02:36:12.718] [main/DEBUG] [net.minecraftforge.fml.loading.moddiscovery.ModFileParser/LOADING]: Considering mod file candidate /workspaces/UniversoTherianer/servidor_minecraft/libraries/net/minecraftforge/javafmllanguage/1.20.1-47.4.16/javafmllanguage-1.20.1-47.4.16.jar
[27Feb2026 02:36:12.718] [main/WARN] [net.minecraftforge.fml.loading.moddiscovery.ModFileParser/LOADING]: Mod file /workspaces/UniversoTherianer/servidor_minecraft/libraries/net/minecraftforge/javafmllanguage/1.20.1-47.4.16/javafmllanguage-1.20.1-47.4.16.jar is missing mods.toml file
[27Feb2026 02:36:12.719] [main/DEBUG] [net.minecraftforge.fml.loading.moddiscovery.ModFileParser/LOADING]: Considering mod file candidate /workspaces/UniversoTherianer/servidor_minecraft/libraries/net/minecraftforge/lowcodelanguage/1.20.1-47.4.16/lowcodelanguage-1.20.1-47.4.16.jar
[27Feb2026 02:36:12.719] [main/WARN] [net.minecraftforge.fml.loading.moddiscovery.ModFileParser/LOADING]: Mod file /workspaces/UniversoTherianer/servidor_minecraft/libraries/net/minecraftforge/lowcodelanguage/1.20.1-47.4.16/lowcodelanguage-1.20.1-47.4.16.jar is missing mods.toml file
[27Feb2026 02:36:12.721] [main/DEBUG] [net.minecraftforge.fml.loading.moddiscovery.ModFileParser/LOADING]: Considering mod file candidate /workspaces/UniversoTherianer/servidor_minecraft/libraries/net/minecraftforge/mclanguage/1.20.1-47.4.16/mclanguage-1.20.1-47.4.16.jar
[27Feb2026 02:36:12.721] [main/WARN] [net.minecraftforge.fml.loading.moddiscovery.ModFileParser/LOADING]: Mod file /workspaces/UniversoTherianer/servidor_minecraft/libraries/net/minecraftforge/mclanguage/1.20.1-47.4.16/mclanguage-1.20.1-47.4.16.jar is missing mods.toml file
[27Feb2026 02:36:12.727] [main/DEBUG] [net.minecraftforge.fml.loading.moddiscovery.ModFileParser/LOADING]: Considering mod file candidate /workspaces/UniversoTherianer/servidor_minecraft/libraries/net/minecraftforge/forge/1.20.1-47.4.16/forge-1.20.1-47.4.16-universal.jar
[27Feb2026 02:36:12.729] [main/DEBUG] [net.minecraftforge.fml.loading.moddiscovery.ModFileInfo/LOADING]: Found valid mod file forge-1.20.1-47.4.16-universal.jar with {forge} mods - versions {47.4.16}
[27Feb2026 02:36:12.741] [main/DEBUG] [net.minecraftforge.fml.loading.moddiscovery.AbstractJarFileDependencyLocator/]: Failed to load resource META-INF/jarjar/metadata.json from server-1.20.1-20230612.114412-srg.jar, it does not contain dependency information.
[27Feb2026 02:36:12.741] [main/DEBUG] [net.minecraftforge.fml.loading.moddiscovery.AbstractJarFileDependencyLocator/]: Failed to load resource META-INF/jarjar/metadata.json from voicechat-forge-1.20.1-2.6.12.jar, it does not contain dependency information.
[27Feb2026 02:36:12.741] [main/DEBUG] [net.minecraftforge.fml.loading.moddiscovery.AbstractJarFileDependencyLocator/]: Failed to load resource META-INF/jarjar/metadata.json from DungeonsAriseSevenSeas-1.20.x-1.0.2-forge.jar, it does not contain dependency information.
[27Feb2026 02:36:12.742] [main/DEBUG] [net.minecraftforge.fml.loading.moddiscovery.AbstractJarFileDependencyLocator/]: Failed to load resource META-INF/jarjar/metadata.json from forge-1.20.1-47.4.16-universal.jar, it does not contain dependency information.
[27Feb2026 02:36:12.742] [main/DEBUG] [net.minecraftforge.fml.loading.moddiscovery.AbstractJarFileDependencyLocator/]: Failed to load resource META-INF/jarjar/metadata.json from jet_and_elias_armors-1.4-1.20.1-CF.jar, it does not contain dependency information.
[27Feb2026 02:36:12.742] [main/DEBUG] [net.minecraftforge.fml.loading.moddiscovery.AbstractJarFileDependencyLocator/]: Failed to load resource META-INF/jarjar/metadata.json from bossominium-18.6.jar, it does not contain dependency information.
[27Feb2026 02:36:12.742] [main/DEBUG] [net.minecraftforge.fml.loading.moddiscovery.AbstractJarFileDependencyLocator/]: Failed to load resource META-INF/jarjar/metadata.json from Chunky-1.3.146.jar, it does not contain dependency information.
[27Feb2026 02:36:12.742] [main/DEBUG] [net.minecraftforge.fml.loading.moddiscovery.AbstractJarFileDependencyLocator/]: Failed to load resource META-INF/jarjar/metadata.json from DungeonsArise-1.20.x-2.1.58-release.jar, it does not contain dependency information.
[27Feb2026 02:36:12.742] [main/DEBUG] [net.minecraftforge.fml.loading.moddiscovery.AbstractJarFileDependencyLocator/]: Failed to load resource META-INF/jarjar/metadata.json from travelersbackpack-forge-1.20.1-9.1.39.jar, it does not contain dependency information.
[27Feb2026 02:36:12.743] [main/DEBUG] [net.minecraftforge.fml.loading.moddiscovery.AbstractJarFileDependencyLocator/]: Failed to load resource META-INF/jarjar/metadata.json from jei-1.20.1-forge-15.20.0.129.jar, it does not contain dependency information.
[27Feb2026 02:36:12.743] [main/DEBUG] [net.minecraftforge.fml.loading.moddiscovery.AbstractJarFileDependencyLocator/]: Failed to load resource META-INF/jarjar/metadata.json from mclanguage-1.20.1-47.4.16.jar, it does not contain dependency information.
[27Feb2026 02:36:12.743] [main/DEBUG] [net.minecraftforge.fml.loading.moddiscovery.AbstractJarFileDependencyLocator/]: Failed to load resource META-INF/jarjar/metadata.json from javafmllanguage-1.20.1-47.4.16.jar, it does not contain dependency information.
[27Feb2026 02:36:12.743] [main/DEBUG] [net.minecraftforge.fml.loading.moddiscovery.AbstractJarFileDependencyLocator/]: Failed to load resource META-INF/jarjar/metadata.json from fmlcore-1.20.1-47.4.16.jar, it does not contain dependency information.
[27Feb2026 02:36:12.743] [main/DEBUG] [net.minecraftforge.fml.loading.moddiscovery.AbstractJarFileDependencyLocator/]: Failed to load resource META-INF/jarjar/metadata.json from lowcodelanguage-1.20.1-47.4.16.jar, it does not contain dependency information.
[27Feb2026 02:36:12.798] [main/DEBUG] [net.minecraftforge.fml.loading.moddiscovery.AbstractJarFileDependencyLocator/]: Failed to load resource META-INF/jarjar/metadata.json from mclib-20.jar, it does not contain dependency information.
[27Feb2026 02:36:12.834] [main/INFO] [net.minecraftforge.fml.loading.moddiscovery.JarInJarDependencyLocator/]: Found 1 dependencies adding them to mods collection
[27Feb2026 02:36:12.837] [main/DEBUG] [net.minecraftforge.fml.loading.moddiscovery.ModFileInfo/LOADING]: Found valid mod file server-1.20.1-20230612.114412-srg.jar with {minecraft} mods - versions {1.20.1}
[27Feb2026 02:36:12.839] [main/DEBUG] [net.minecraftforge.fml.loading.moddiscovery.ModFile/LOADING]: Loading mod file /workspaces/UniversoTherianer/servidor_minecraft/libraries/net/minecraft/server/1.20.1-20230612.114412/server-1.20.1-20230612.114412-srg.jar with languages [LanguageSpec[languageName=minecraft, acceptedVersions=1]]
[27Feb2026 02:36:12.840] [main/DEBUG] [net.minecraftforge.fml.loading.moddiscovery.ModFileParser/LOADING]: Considering mod file candidate /workspaces/UniversoTherianer/servidor_minecraft/mods/voicechat-forge-1.20.1-2.6.12.jar
[27Feb2026 02:36:12.842] [main/DEBUG] [net.minecraftforge.fml.loading.moddiscovery.ModFileInfo/LOADING]: Found valid mod file voicechat-forge-1.20.1-2.6.12.jar with {voicechat,voicechat_api} mods - versions {1.20.1-2.6.12,2.6.0}
[27Feb2026 02:36:12.842] [main/DEBUG] [net.minecraftforge.fml.loading.moddiscovery.ModFile/LOADING]: Loading mod file /workspaces/UniversoTherianer/servidor_minecraft/mods/voicechat-forge-1.20.1-2.6.12.jar with languages [LanguageSpec[languageName=javafml, acceptedVersions=*]]
[27Feb2026 02:36:12.842] [main/DEBUG] [net.minecraftforge.fml.loading.moddiscovery.ModFileParser/LOADING]: Considering mod file candidate /workspaces/UniversoTherianer/servidor_minecraft/mods/DungeonsAriseSevenSeas-1.20.x-1.0.2-forge.jar
[27Feb2026 02:36:12.843] [main/DEBUG] [net.minecraftforge.fml.loading.moddiscovery.ModFileInfo/LOADING]: Found valid mod file DungeonsAriseSevenSeas-1.20.x-1.0.2-forge.jar with {dungeons_arise_seven_seas} mods - versions {1.0.2}
[27Feb2026 02:36:12.844] [main/DEBUG] [net.minecraftforge.fml.loading.moddiscovery.ModFile/LOADING]: Loading mod file /workspaces/UniversoTherianer/servidor_minecraft/mods/DungeonsAriseSevenSeas-1.20.x-1.0.2-forge.jar with languages [LanguageSpec[languageName=javafml, acceptedVersions=[43,)]]
[27Feb2026 02:36:12.844] [main/DEBUG] [net.minecraftforge.fml.loading.moddiscovery.ModFileParser/LOADING]: Considering mod file candidate /workspaces/UniversoTherianer/servidor_minecraft/libraries/net/minecraftforge/forge/1.20.1-47.4.16/forge-1.20.1-47.4.16-universal.jar
[27Feb2026 02:36:12.846] [main/DEBUG] [net.minecraftforge.fml.loading.moddiscovery.ModFileInfo/LOADING]: Found valid mod file forge-1.20.1-47.4.16-universal.jar with {forge} mods - versions {47.4.16}
[27Feb2026 02:36:12.846] [main/DEBUG] [net.minecraftforge.fml.loading.moddiscovery.ModFile/LOADING]: Loading mod file /workspaces/UniversoTherianer/servidor_minecraft/libraries/net/minecraftforge/forge/1.20.1-47.4.16/forge-1.20.1-47.4.16-universal.jar with languages [LanguageSpec[languageName=javafml, acceptedVersions=[24,]]]
[27Feb2026 02:36:12.850] [main/DEBUG] [net.minecraftforge.fml.loading.moddiscovery.ModFileParser/LOADING]: Found coremod field_to_method with Javascript path coremods/field_to_method.js
[27Feb2026 02:36:12.850] [main/DEBUG] [net.minecraftforge.fml.loading.moddiscovery.ModFileParser/LOADING]: Found coremod field_to_instanceof with Javascript path coremods/field_to_instanceof.js
[27Feb2026 02:36:12.850] [main/DEBUG] [net.minecraftforge.fml.loading.moddiscovery.ModFileParser/LOADING]: Found coremod add_bouncer_method with Javascript path coremods/add_bouncer_method.js
[27Feb2026 02:36:12.850] [main/DEBUG] [net.minecraftforge.fml.loading.moddiscovery.ModFileParser/LOADING]: Found coremod method_redirector with Javascript path coremods/method_redirector.js
[27Feb2026 02:36:12.850] [main/DEBUG] [net.minecraftforge.fml.loading.moddiscovery.ModFile/LOADING]: Found coremod coremods/field_to_method.js
[27Feb2026 02:36:12.851] [main/DEBUG] [net.minecraftforge.fml.loading.moddiscovery.ModFile/LOADING]: Found coremod coremods/field_to_instanceof.js
[27Feb2026 02:36:12.851] [main/DEBUG] [net.minecraftforge.fml.loading.moddiscovery.ModFile/LOADING]: Found coremod coremods/add_bouncer_method.js
[27Feb2026 02:36:12.851] [main/DEBUG] [net.minecraftforge.fml.loading.moddiscovery.ModFile/LOADING]: Found coremod coremods/method_redirector.js
[27Feb2026 02:36:12.851] [main/DEBUG] [net.minecraftforge.fml.loading.moddiscovery.ModFileParser/LOADING]: Considering mod file candidate /workspaces/UniversoTherianer/servidor_minecraft/mods/bossominium-18.6.jar
[27Feb2026 02:36:12.852] [main/DEBUG] [net.minecraftforge.fml.loading.moddiscovery.ModFileInfo/LOADING]: Found valid mod file bossominium-18.6.jar with {bossominium} mods - versions {18.6}
[27Feb2026 02:36:12.852] [main/DEBUG] [net.minecraftforge.fml.loading.moddiscovery.ModFile/LOADING]: Loading mod file /workspaces/UniversoTherianer/servidor_minecraft/mods/bossominium-18.6.jar with languages [LanguageSpec[languageName=javafml, acceptedVersions=[47,)]]
[27Feb2026 02:36:12.852] [main/DEBUG] [net.minecraftforge.fml.loading.moddiscovery.ModFileParser/LOADING]: Considering mod file candidate /workspaces/UniversoTherianer/servidor_minecraft/mods/jet_and_elias_armors-1.4-1.20.1-CF.jar
[27Feb2026 02:36:12.853] [main/DEBUG] [net.minecraftforge.fml.loading.moddiscovery.ModFileInfo/LOADING]: Found valid mod file jet_and_elias_armors-1.4-1.20.1-CF.jar with {jet_and_elias_armors} mods - versions {1.0.0}
[27Feb2026 02:36:12.853] [main/DEBUG] [net.minecraftforge.fml.loading.moddiscovery.ModFile/LOADING]: Loading mod file /workspaces/UniversoTherianer/servidor_minecraft/mods/jet_and_elias_armors-1.4-1.20.1-CF.jar with languages [LanguageSpec[languageName=javafml, acceptedVersions=[47,)]]
[27Feb2026 02:36:12.853] [main/DEBUG] [net.minecraftforge.fml.loading.moddiscovery.ModFileParser/LOADING]: Considering mod file candidate /workspaces/UniversoTherianer/servidor_minecraft/mods/geckolib-forge-1.20.1-4.7.3.jar
[27Feb2026 02:36:12.854] [main/DEBUG] [net.minecraftforge.fml.loading.moddiscovery.ModFileInfo/LOADING]: Found valid mod file geckolib-forge-1.20.1-4.7.3.jar with {geckolib} mods - versions {4.7.3}
[27Feb2026 02:36:12.854] [main/DEBUG] [net.minecraftforge.fml.loading.moddiscovery.ModFile/LOADING]: Loading mod file /workspaces/UniversoTherianer/servidor_minecraft/mods/geckolib-forge-1.20.1-4.7.3.jar with languages [LanguageSpec[languageName=javafml, acceptedVersions=[47,)]]
[27Feb2026 02:36:12.854] [main/DEBUG] [net.minecraftforge.fml.loading.moddiscovery.ModFileParser/LOADING]: Considering mod file candidate /workspaces/UniversoTherianer/servidor_minecraft/mods/Chunky-1.3.146.jar
[27Feb2026 02:36:12.855] [main/DEBUG] [net.minecraftforge.fml.loading.moddiscovery.ModFileInfo/LOADING]: Found valid mod file Chunky-1.3.146.jar with {chunky} mods - versions {1.3.146}
[27Feb2026 02:36:12.855] [main/DEBUG] [net.minecraftforge.fml.loading.moddiscovery.ModFile/LOADING]: Loading mod file /workspaces/UniversoTherianer/servidor_minecraft/mods/Chunky-1.3.146.jar with languages [LanguageSpec[languageName=javafml, acceptedVersions=[38,)]]
[27Feb2026 02:36:12.855] [main/DEBUG] [net.minecraftforge.fml.loading.moddiscovery.ModFileParser/LOADING]: Considering mod file candidate /workspaces/UniversoTherianer/servidor_minecraft/mods/DungeonsArise-1.20.x-2.1.58-release.jar
[27Feb2026 02:36:12.856] [main/DEBUG] [net.minecraftforge.fml.loading.moddiscovery.ModFileInfo/LOADING]: Found valid mod file DungeonsArise-1.20.x-2.1.58-release.jar with {dungeons_arise} mods - versions {2.1.58-1.20.x}
[27Feb2026 02:36:12.856] [main/DEBUG] [net.minecraftforge.fml.loading.moddiscovery.ModFile/LOADING]: Loading mod file /workspaces/UniversoTherianer/servidor_minecraft/mods/DungeonsArise-1.20.x-2.1.58-release.jar with languages [LanguageSpec[languageName=javafml, acceptedVersions=[41,)]]
[27Feb2026 02:36:12.857] [main/DEBUG] [net.minecraftforge.fml.loading.moddiscovery.ModFileParser/LOADING]: Considering mod file candidate /workspaces/UniversoTherianer/servidor_minecraft/mods/jei-1.20.1-forge-15.20.0.129.jar
[27Feb2026 02:36:12.857] [main/DEBUG] [net.minecraftforge.fml.loading.moddiscovery.ModFileInfo/LOADING]: Found valid mod file jei-1.20.1-forge-15.20.0.129.jar with {jei} mods - versions {15.20.0.129}
[27Feb2026 02:36:12.857] [main/DEBUG] [net.minecraftforge.fml.loading.moddiscovery.ModFile/LOADING]: Loading mod file /workspaces/UniversoTherianer/servidor_minecraft/mods/jei-1.20.1-forge-15.20.0.129.jar with languages [LanguageSpec[languageName=javafml, acceptedVersions=[47,)]]
[27Feb2026 02:36:12.858] [main/DEBUG] [net.minecraftforge.fml.loading.moddiscovery.ModFileParser/LOADING]: Considering mod file candidate /workspaces/UniversoTherianer/servidor_minecraft/mods/travelersbackpack-forge-1.20.1-9.1.39.jar
[27Feb2026 02:36:12.858] [main/DEBUG] [net.minecraftforge.fml.loading.moddiscovery.ModFileInfo/LOADING]: Found valid mod file travelersbackpack-forge-1.20.1-9.1.39.jar with {travelersbackpack} mods - versions {9.1.39}
[27Feb2026 02:36:12.858] [main/DEBUG] [net.minecraftforge.fml.loading.moddiscovery.ModFile/LOADING]: Loading mod file /workspaces/UniversoTherianer/servidor_minecraft/mods/travelersbackpack-forge-1.20.1-9.1.39.jar with languages [LanguageSpec[languageName=javafml, acceptedVersions=[46,)]]
[27Feb2026 02:36:12.859] [main/DEBUG] [net.minecraftforge.fml.loading.moddiscovery.ModFile/LOADING]: Loading mod file  with languages []
[27Feb2026 02:36:12.859] [main/DEBUG] [net.minecraftforge.fml.loading.moddiscovery.ModFile/LOADING]: Loading mod file  with languages []
[27Feb2026 02:36:12.860] [main/DEBUG] [cpw.mods.modlauncher.TransformationServiceDecorator/MODLAUNCHER]: End scan trigger - transformation service fml
[27Feb2026 02:36:12.869] [main/DEBUG] [net.minecraftforge.fml.loading.LanguageLoadingProvider/CORE]: Found 3 language providers
[27Feb2026 02:36:12.870] [main/DEBUG] [net.minecraftforge.fml.loading.LanguageLoadingProvider/CORE]: Found language provider minecraft, version 1.0
[27Feb2026 02:36:12.870] [main/DEBUG] [net.minecraftforge.fml.loading.LanguageLoadingProvider/CORE]: Found language provider lowcodefml, version 47
[27Feb2026 02:36:12.871] [main/DEBUG] [net.minecraftforge.fml.loading.LanguageLoadingProvider/CORE]: Found language provider javafml, version 47
[27Feb2026 02:36:12.875] [main/DEBUG] [net.minecraftforge.fml.loading.UniqueModListBuilder/]: Found 2 mods for first modid mclib, selecting most recent based on version data
[27Feb2026 02:36:12.876] [main/DEBUG] [net.minecraftforge.fml.loading.UniqueModListBuilder/]: Selected file mclib-20.jar for modid mclib with version 0.0NONE
[27Feb2026 02:36:12.877] [main/DEBUG] [net.minecraftforge.fml.loading.ModSorter/]: Configured system mods: [minecraft, forge]
[27Feb2026 02:36:12.877] [main/DEBUG] [net.minecraftforge.fml.loading.ModSorter/]: Found system mod: minecraft
[27Feb2026 02:36:12.877] [main/DEBUG] [net.minecraftforge.fml.loading.ModSorter/]: Found system mod: forge
[27Feb2026 02:36:12.880] [main/DEBUG] [net.minecraftforge.fml.loading.ModSorter/LOADING]: Found 18 mod requirements (16 mandatory, 2 optional)
[27Feb2026 02:36:12.880] [main/DEBUG] [net.minecraftforge.fml.loading.ModSorter/LOADING]: Found 0 mod requirements missing (0 mandatory, 0 optional)
[27Feb2026 02:36:13.319] [main/DEBUG] [cpw.mods.modlauncher.TransformationServicesHandler/MODLAUNCHER]: Transformation services loading transformers
[27Feb2026 02:36:13.320] [main/DEBUG] [cpw.mods.modlauncher.TransformationServiceDecorator/MODLAUNCHER]: Initializing transformers for transformation service mixin
[27Feb2026 02:36:13.320] [main/DEBUG] [cpw.mods.modlauncher.TransformationServiceDecorator/MODLAUNCHER]: Initialized transformers for transformation service mixin
[27Feb2026 02:36:13.320] [main/DEBUG] [cpw.mods.modlauncher.TransformationServiceDecorator/MODLAUNCHER]: Initializing transformers for transformation service fml
[27Feb2026 02:36:13.320] [main/DEBUG] [net.minecraftforge.fml.loading.FMLServiceProvider/CORE]: Loading coremod transformers
[27Feb2026 02:36:13.321] [main/DEBUG] [net.minecraftforge.coremod.CoreModEngine/COREMOD]: Loading CoreMod from coremods/field_to_method.js
[27Feb2026 02:36:13.530] [main/DEBUG] [net.minecraftforge.coremod.CoreModEngine/COREMOD]: CoreMod loaded successfully
[27Feb2026 02:36:13.530] [main/DEBUG] [net.minecraftforge.coremod.CoreModEngine/COREMOD]: Loading CoreMod from coremods/field_to_instanceof.js
[27Feb2026 02:36:13.633] [main/DEBUG] [net.minecraftforge.coremod.CoreModEngine/COREMOD]: CoreMod loaded successfully
[27Feb2026 02:36:13.633] [main/DEBUG] [net.minecraftforge.coremod.CoreModEngine/COREMOD]: Loading CoreMod from coremods/add_bouncer_method.js
[27Feb2026 02:36:13.676] [main/DEBUG] [net.minecraftforge.coremod.CoreModEngine/COREMOD]: CoreMod loaded successfully
[27Feb2026 02:36:13.677] [main/DEBUG] [net.minecraftforge.coremod.CoreModEngine/COREMOD]: Loading CoreMod from coremods/method_redirector.js
[27Feb2026 02:36:13.744] [main/DEBUG] [net.minecraftforge.coremod.CoreModEngine/COREMOD]: CoreMod loaded successfully
[27Feb2026 02:36:13.754] [main/DEBUG] [cpw.mods.modlauncher.TransformStore/MODLAUNCHER]: Adding transformer net.minecraftforge.coremod.transformer.CoreModClassTransformer@77681ce4 to Target : CLASS {Lnet/minecraft/world/level/biome/Biome;} {} {V}
[27Feb2026 02:36:13.755] [main/DEBUG] [cpw.mods.modlauncher.TransformStore/MODLAUNCHER]: Adding transformer net.minecraftforge.coremod.transformer.CoreModClassTransformer@367f0121 to Target : CLASS {Lnet/minecraft/world/level/levelgen/structure/Structure;} {} {V}
[27Feb2026 02:36:13.755] [main/DEBUG] [cpw.mods.modlauncher.TransformStore/MODLAUNCHER]: Adding transformer net.minecraftforge.coremod.transformer.CoreModClassTransformer@7da39774 to Target : CLASS {Lnet/minecraft/world/effect/MobEffectInstance;} {} {V}
[27Feb2026 02:36:13.756] [main/DEBUG] [cpw.mods.modlauncher.TransformStore/MODLAUNCHER]: Adding transformer net.minecraftforge.coremod.transformer.CoreModClassTransformer@441b8382 to Target : CLASS {Lnet/minecraft/world/level/block/LiquidBlock;} {} {V}
[27Feb2026 02:36:13.756] [main/DEBUG] [cpw.mods.modlauncher.TransformStore/MODLAUNCHER]: Adding transformer net.minecraftforge.coremod.transformer.CoreModClassTransformer@1df1ced0 to Target : CLASS {Lnet/minecraft/world/item/BucketItem;} {} {V}
[27Feb2026 02:36:13.756] [main/DEBUG] [cpw.mods.modlauncher.TransformStore/MODLAUNCHER]: Adding transformer net.minecraftforge.coremod.transformer.CoreModClassTransformer@5349b246 to Target : CLASS {Lnet/minecraft/world/level/block/StairBlock;} {} {V}
[27Feb2026 02:36:13.756] [main/DEBUG] [cpw.mods.modlauncher.TransformStore/MODLAUNCHER]: Adding transformer net.minecraftforge.coremod.transformer.CoreModClassTransformer@32b0876c to Target : CLASS {Lnet/minecraft/world/level/block/FlowerPotBlock;} {} {V}
[27Feb2026 02:36:13.756] [main/DEBUG] [cpw.mods.modlauncher.TransformStore/MODLAUNCHER]: Adding transformer net.minecraftforge.coremod.transformer.CoreModClassTransformer@2aaf152b to Target : CLASS {Lnet/minecraft/world/item/ItemStack;} {} {V}
[27Feb2026 02:36:13.756] [main/DEBUG] [cpw.mods.modlauncher.TransformStore/MODLAUNCHER]: Adding transformer net.minecraftforge.coremod.transformer.CoreModClassTransformer@39bbd9e0 to Target : CLASS {Lnet/minecraft/network/play/client/CClientSettingsPacket;} {} {V}
[27Feb2026 02:36:13.757] [main/DEBUG] [cpw.mods.modlauncher.TransformStore/MODLAUNCHER]: Adding transformer net.minecraftforge.coremod.transformer.CoreModClassTransformer@27fe9713 to Target : CLASS {Lnet/minecraft/server/commands/RaidCommand;} {} {V}
[27Feb2026 02:36:13.757] [main/DEBUG] [cpw.mods.modlauncher.TransformStore/MODLAUNCHER]: Adding transformer net.minecraftforge.coremod.transformer.CoreModClassTransformer@27fe9713 to Target : CLASS {Lnet/minecraft/world/level/levelgen/structure/structures/OceanRuinPieces$OceanRuinPiece;} {} {V}
[27Feb2026 02:36:13.757] [main/DEBUG] [cpw.mods.modlauncher.TransformStore/MODLAUNCHER]: Adding transformer net.minecraftforge.coremod.transformer.CoreModClassTransformer@27fe9713 to Target : CLASS {Lnet/minecraft/world/entity/raid/Raid;} {} {V}
[27Feb2026 02:36:13.757] [main/DEBUG] [cpw.mods.modlauncher.TransformStore/MODLAUNCHER]: Adding transformer net.minecraftforge.coremod.transformer.CoreModClassTransformer@27fe9713 to Target : CLASS {Lnet/minecraft/world/entity/monster/Strider;} {} {V}
[27Feb2026 02:36:13.757] [main/DEBUG] [cpw.mods.modlauncher.TransformStore/MODLAUNCHER]: Adding transformer net.minecraftforge.coremod.transformer.CoreModClassTransformer@27fe9713 to Target : CLASS {Lnet/minecraft/world/entity/npc/Villager;} {} {V}
[27Feb2026 02:36:13.757] [main/DEBUG] [cpw.mods.modlauncher.TransformStore/MODLAUNCHER]: Adding transformer net.minecraftforge.coremod.transformer.CoreModClassTransformer@27fe9713 to Target : CLASS {Lnet/minecraft/world/level/levelgen/structure/templatesystem/StructureTemplate;} {} {V}
[27Feb2026 02:36:13.757] [main/DEBUG] [cpw.mods.modlauncher.TransformStore/MODLAUNCHER]: Adding transformer net.minecraftforge.coremod.transformer.CoreModClassTransformer@27fe9713 to Target : CLASS {Lnet/minecraft/world/entity/npc/CatSpawner;} {} {V}
[27Feb2026 02:36:13.758] [main/DEBUG] [cpw.mods.modlauncher.TransformStore/MODLAUNCHER]: Adding transformer net.minecraftforge.coremod.transformer.CoreModClassTransformer@27fe9713 to Target : CLASS {Lnet/minecraft/world/entity/animal/frog/Tadpole;} {} {V}
[27Feb2026 02:36:13.758] [main/DEBUG] [cpw.mods.modlauncher.TransformStore/MODLAUNCHER]: Adding transformer net.minecraftforge.coremod.transformer.CoreModClassTransformer@27fe9713 to Target : CLASS {Lnet/minecraft/world/entity/monster/ZombieVillager;} {} {V}
[27Feb2026 02:36:13.758] [main/DEBUG] [cpw.mods.modlauncher.TransformStore/MODLAUNCHER]: Adding transformer net.minecraftforge.coremod.transformer.CoreModClassTransformer@27fe9713 to Target : CLASS {Lnet/minecraft/world/level/levelgen/structure/structures/OceanMonumentPieces$OceanMonumentPiece;} {} {V}
[27Feb2026 02:36:13.758] [main/DEBUG] [cpw.mods.modlauncher.TransformStore/MODLAUNCHER]: Adding transformer net.minecraftforge.coremod.transformer.CoreModClassTransformer@27fe9713 to Target : CLASS {Lnet/minecraft/world/entity/monster/Evoker$EvokerSummonSpellGoal;} {} {V}
[27Feb2026 02:36:13.758] [main/DEBUG] [cpw.mods.modlauncher.TransformStore/MODLAUNCHER]: Adding transformer net.minecraftforge.coremod.transformer.CoreModClassTransformer@27fe9713 to Target : CLASS {Lnet/minecraft/world/entity/EntityType;} {} {V}
[27Feb2026 02:36:13.758] [main/DEBUG] [cpw.mods.modlauncher.TransformStore/MODLAUNCHER]: Adding transformer net.minecraftforge.coremod.transformer.CoreModClassTransformer@27fe9713 to Target : CLASS {Lnet/minecraft/world/entity/monster/Zombie;} {} {V}
[27Feb2026 02:36:13.758] [main/DEBUG] [cpw.mods.modlauncher.TransformStore/MODLAUNCHER]: Adding transformer net.minecraftforge.coremod.transformer.CoreModClassTransformer@27fe9713 to Target : CLASS {Lnet/minecraft/world/entity/animal/horse/SkeletonTrapGoal;} {} {V}
[27Feb2026 02:36:13.759] [main/DEBUG] [cpw.mods.modlauncher.TransformStore/MODLAUNCHER]: Adding transformer net.minecraftforge.coremod.transformer.CoreModClassTransformer@27fe9713 to Target : CLASS {Lnet/minecraft/world/level/levelgen/PhantomSpawner;} {} {V}
[27Feb2026 02:36:13.759] [main/DEBUG] [cpw.mods.modlauncher.TransformStore/MODLAUNCHER]: Adding transformer net.minecraftforge.coremod.transformer.CoreModClassTransformer@27fe9713 to Target : CLASS {Lnet/minecraft/world/level/levelgen/structure/structures/SwampHutPiece;} {} {V}
[27Feb2026 02:36:13.759] [main/DEBUG] [cpw.mods.modlauncher.TransformStore/MODLAUNCHER]: Adding transformer net.minecraftforge.coremod.transformer.CoreModClassTransformer@27fe9713 to Target : CLASS {Lnet/minecraft/server/commands/SummonCommand;} {} {V}
[27Feb2026 02:36:13.759] [main/DEBUG] [cpw.mods.modlauncher.TransformStore/MODLAUNCHER]: Adding transformer net.minecraftforge.coremod.transformer.CoreModClassTransformer@27fe9713 to Target : CLASS {Lnet/minecraft/world/entity/ai/village/VillageSiege;} {} {V}
[27Feb2026 02:36:13.759] [main/DEBUG] [cpw.mods.modlauncher.TransformStore/MODLAUNCHER]: Adding transformer net.minecraftforge.coremod.transformer.CoreModClassTransformer@27fe9713 to Target : CLASS {Lnet/minecraft/world/level/levelgen/structure/structures/WoodlandMansionPieces$WoodlandMansionPiece;} {} {V}
[27Feb2026 02:36:13.759] [main/DEBUG] [cpw.mods.modlauncher.TransformStore/MODLAUNCHER]: Adding transformer net.minecraftforge.coremod.transformer.CoreModClassTransformer@27fe9713 to Target : CLASS {Lnet/minecraft/world/entity/monster/Spider;} {} {V}
[27Feb2026 02:36:13.759] [main/DEBUG] [cpw.mods.modlauncher.TransformStore/MODLAUNCHER]: Adding transformer net.minecraftforge.coremod.transformer.CoreModClassTransformer@27fe9713 to Target : CLASS {Lnet/minecraft/world/level/NaturalSpawner;} {} {V}
[27Feb2026 02:36:13.759] [main/DEBUG] [cpw.mods.modlauncher.TransformStore/MODLAUNCHER]: Adding transformer net.minecraftforge.coremod.transformer.CoreModClassTransformer@27fe9713 to Target : CLASS {Lnet/minecraft/world/level/levelgen/PatrolSpawner;} {} {V}
[27Feb2026 02:36:13.760] [main/DEBUG] [cpw.mods.modlauncher.TransformationServiceDecorator/MODLAUNCHER]: Initialized transformers for transformation service fml
[27Feb2026 02:36:14.405] [main/DEBUG] [mixin/]: Processing prepare() for PlatformAgent[MixinPlatformAgentDefault:ModLauncher Root Container(ModLauncher:4f56a0a2)]
[27Feb2026 02:36:14.405] [main/DEBUG] [mixin/]: Processing launch tasks for PlatformAgent[MixinPlatformAgentDefault:ModLauncher Root Container(ModLauncher:4f56a0a2)]
[27Feb2026 02:36:14.406] [main/DEBUG] [mixin/]: Adding mixin platform agents for container SecureJarResource(minecraft)
[27Feb2026 02:36:14.406] [main/DEBUG] [mixin/]: Instancing new MixinPlatformAgentMinecraftForge for SecureJarResource(minecraft)
[27Feb2026 02:36:14.406] [main/DEBUG] [mixin/]: MixinPlatformAgentMinecraftForge rejected container SecureJarResource(minecraft)
[27Feb2026 02:36:14.406] [main/DEBUG] [mixin/]: Instancing new MixinPlatformAgentDefault for SecureJarResource(minecraft)
[27Feb2026 02:36:14.406] [main/DEBUG] [mixin/]: MixinPlatformAgentDefault accepted container SecureJarResource(minecraft)
[27Feb2026 02:36:14.406] [main/DEBUG] [mixin/]: Processing prepare() for PlatformAgent[MixinPlatformAgentDefault:SecureJarResource(minecraft)]
[27Feb2026 02:36:14.406] [main/DEBUG] [mixin/]: Adding mixin platform agents for container SecureJarResource(voicechat)
[27Feb2026 02:36:14.406] [main/DEBUG] [mixin/]: Instancing new MixinPlatformAgentMinecraftForge for SecureJarResource(voicechat)
[27Feb2026 02:36:14.406] [main/DEBUG] [mixin/]: MixinPlatformAgentMinecraftForge rejected container SecureJarResource(voicechat)
[27Feb2026 02:36:14.406] [main/DEBUG] [mixin/]: Instancing new MixinPlatformAgentDefault for SecureJarResource(voicechat)
[27Feb2026 02:36:14.406] [main/DEBUG] [mixin/]: MixinPlatformAgentDefault accepted container SecureJarResource(voicechat)
[27Feb2026 02:36:14.406] [main/DEBUG] [mixin/]: Processing prepare() for PlatformAgent[MixinPlatformAgentDefault:SecureJarResource(voicechat)]
[27Feb2026 02:36:14.407] [main/DEBUG] [mixin/]: Adding mixin platform agents for container SecureJarResource(dungeons_arise_seven_seas)
[27Feb2026 02:36:14.407] [main/DEBUG] [mixin/]: Instancing new MixinPlatformAgentMinecraftForge for SecureJarResource(dungeons_arise_seven_seas)
[27Feb2026 02:36:14.407] [main/DEBUG] [mixin/]: MixinPlatformAgentMinecraftForge rejected container SecureJarResource(dungeons_arise_seven_seas)
[27Feb2026 02:36:14.407] [main/DEBUG] [mixin/]: Instancing new MixinPlatformAgentDefault for SecureJarResource(dungeons_arise_seven_seas)
[27Feb2026 02:36:14.407] [main/DEBUG] [mixin/]: MixinPlatformAgentDefault accepted container SecureJarResource(dungeons_arise_seven_seas)
[27Feb2026 02:36:14.407] [main/DEBUG] [mixin/]: Processing prepare() for PlatformAgent[MixinPlatformAgentDefault:SecureJarResource(dungeons_arise_seven_seas)]
[27Feb2026 02:36:14.407] [main/DEBUG] [mixin/]: Adding mixin platform agents for container SecureJarResource(forge)
[27Feb2026 02:36:14.407] [main/DEBUG] [mixin/]: Instancing new MixinPlatformAgentMinecraftForge for SecureJarResource(forge)
[27Feb2026 02:36:14.407] [main/DEBUG] [mixin/]: MixinPlatformAgentMinecraftForge rejected container SecureJarResource(forge)
[27Feb2026 02:36:14.407] [main/DEBUG] [mixin/]: Instancing new MixinPlatformAgentDefault for SecureJarResource(forge)
[27Feb2026 02:36:14.408] [main/DEBUG] [mixin/]: MixinPlatformAgentDefault accepted container SecureJarResource(forge)
[27Feb2026 02:36:14.408] [main/DEBUG] [mixin/]: Processing prepare() for PlatformAgent[MixinPlatformAgentDefault:SecureJarResource(forge)]
[27Feb2026 02:36:14.408] [main/DEBUG] [mixin/]: Adding mixin platform agents for container SecureJarResource(jet_and_elias_armors)
[27Feb2026 02:36:14.408] [main/DEBUG] [mixin/]: Instancing new MixinPlatformAgentMinecraftForge for SecureJarResource(jet_and_elias_armors)
[27Feb2026 02:36:14.408] [main/DEBUG] [mixin/]: MixinPlatformAgentMinecraftForge rejected container SecureJarResource(jet_and_elias_armors)
[27Feb2026 02:36:14.408] [main/DEBUG] [mixin/]: Instancing new MixinPlatformAgentDefault for SecureJarResource(jet_and_elias_armors)
[27Feb2026 02:36:14.408] [main/DEBUG] [mixin/]: MixinPlatformAgentDefault accepted container SecureJarResource(jet_and_elias_armors)
[27Feb2026 02:36:14.409] [main/DEBUG] [mixin/]: Processing prepare() for PlatformAgent[MixinPlatformAgentDefault:SecureJarResource(jet_and_elias_armors)]
[27Feb2026 02:36:14.409] [main/DEBUG] [mixin/]: Adding mixin platform agents for container SecureJarResource(bossominium)
[27Feb2026 02:36:14.409] [main/DEBUG] [mixin/]: Instancing new MixinPlatformAgentMinecraftForge for SecureJarResource(bossominium)
[27Feb2026 02:36:14.409] [main/DEBUG] [mixin/]: MixinPlatformAgentMinecraftForge rejected container SecureJarResource(bossominium)
[27Feb2026 02:36:14.409] [main/DEBUG] [mixin/]: Instancing new MixinPlatformAgentDefault for SecureJarResource(bossominium)
[27Feb2026 02:36:14.409] [main/DEBUG] [mixin/]: MixinPlatformAgentDefault accepted container SecureJarResource(bossominium)
[27Feb2026 02:36:14.409] [main/DEBUG] [mixin/]: Processing prepare() for PlatformAgent[MixinPlatformAgentDefault:SecureJarResource(bossominium)]
[27Feb2026 02:36:14.409] [main/DEBUG] [mixin/]: Adding mixin platform agents for container SecureJarResource(geckolib)
[27Feb2026 02:36:14.409] [main/DEBUG] [mixin/]: Instancing new MixinPlatformAgentMinecraftForge for SecureJarResource(geckolib)
[27Feb2026 02:36:14.410] [main/DEBUG] [mixin/]: MixinPlatformAgentMinecraftForge rejected container SecureJarResource(geckolib)
[27Feb2026 02:36:14.410] [main/DEBUG] [mixin/]: Instancing new MixinPlatformAgentDefault for SecureJarResource(geckolib)
[27Feb2026 02:36:14.410] [main/DEBUG] [mixin/]: MixinPlatformAgentDefault accepted container SecureJarResource(geckolib)
[27Feb2026 02:36:14.410] [main/DEBUG] [mixin/]: Processing prepare() for PlatformAgent[MixinPlatformAgentDefault:SecureJarResource(geckolib)]
[27Feb2026 02:36:14.410] [main/DEBUG] [mixin/]: Registering mixin config: geckolib.mixins.json
[27Feb2026 02:36:14.430] [main/DEBUG] [mixin/]: Compatibility level JAVA_17 specified by geckolib.mixins.json is higher than the maximum level supported by this version of mixin (JAVA_13).
[27Feb2026 02:36:14.434] [main/INFO] [mixin/]: Compatibility level set to JAVA_17
[27Feb2026 02:36:14.435] [main/DEBUG] [mixin/]: Adding mixin platform agents for container SecureJarResource(chunky)
[27Feb2026 02:36:14.435] [main/DEBUG] [mixin/]: Instancing new MixinPlatformAgentMinecraftForge for SecureJarResource(chunky)
[27Feb2026 02:36:14.435] [main/DEBUG] [mixin/]: MixinPlatformAgentMinecraftForge rejected container SecureJarResource(chunky)
[27Feb2026 02:36:14.435] [main/DEBUG] [mixin/]: Instancing new MixinPlatformAgentDefault for SecureJarResource(chunky)
[27Feb2026 02:36:14.435] [main/DEBUG] [mixin/]: MixinPlatformAgentDefault accepted container SecureJarResource(chunky)
[27Feb2026 02:36:14.435] [main/DEBUG] [mixin/]: Processing prepare() for PlatformAgent[MixinPlatformAgentDefault:SecureJarResource(chunky)]
[27Feb2026 02:36:14.435] [main/DEBUG] [mixin/]: Adding mixin platform agents for container SecureJarResource(dungeons_arise)
[27Feb2026 02:36:14.436] [main/DEBUG] [mixin/]: Instancing new MixinPlatformAgentMinecraftForge for SecureJarResource(dungeons_arise)
[27Feb2026 02:36:14.436] [main/DEBUG] [mixin/]: MixinPlatformAgentMinecraftForge rejected container SecureJarResource(dungeons_arise)
[27Feb2026 02:36:14.436] [main/DEBUG] [mixin/]: Instancing new MixinPlatformAgentDefault for SecureJarResource(dungeons_arise)
[27Feb2026 02:36:14.436] [main/DEBUG] [mixin/]: MixinPlatformAgentDefault accepted container SecureJarResource(dungeons_arise)
[27Feb2026 02:36:14.439] [main/DEBUG] [mixin/]: Processing prepare() for PlatformAgent[MixinPlatformAgentDefault:SecureJarResource(dungeons_arise)]
[27Feb2026 02:36:14.439] [main/DEBUG] [mixin/]: Adding mixin platform agents for container SecureJarResource(travelersbackpack)
[27Feb2026 02:36:14.439] [main/DEBUG] [mixin/]: Instancing new MixinPlatformAgentMinecraftForge for SecureJarResource(travelersbackpack)
[27Feb2026 02:36:14.440] [main/DEBUG] [mixin/]: MixinPlatformAgentMinecraftForge rejected container SecureJarResource(travelersbackpack)
[27Feb2026 02:36:14.440] [main/DEBUG] [mixin/]: Instancing new MixinPlatformAgentDefault for SecureJarResource(travelersbackpack)
[27Feb2026 02:36:14.440] [main/DEBUG] [mixin/]: MixinPlatformAgentDefault accepted container SecureJarResource(travelersbackpack)
[27Feb2026 02:36:14.440] [main/DEBUG] [mixin/]: Processing prepare() for PlatformAgent[MixinPlatformAgentDefault:SecureJarResource(travelersbackpack)]
[27Feb2026 02:36:14.440] [main/DEBUG] [mixin/]: Registering mixin config: mixins.travelersbackpack.json
[27Feb2026 02:36:14.442] [main/DEBUG] [mixin/]: Adding mixin platform agents for container SecureJarResource(jei)
[27Feb2026 02:36:14.442] [main/DEBUG] [mixin/]: Instancing new MixinPlatformAgentMinecraftForge for SecureJarResource(jei)
[27Feb2026 02:36:14.443] [main/DEBUG] [mixin/]: MixinPlatformAgentMinecraftForge rejected container SecureJarResource(jei)
[27Feb2026 02:36:14.443] [main/DEBUG] [mixin/]: Instancing new MixinPlatformAgentDefault for SecureJarResource(jei)
[27Feb2026 02:36:14.444] [main/DEBUG] [mixin/]: MixinPlatformAgentDefault accepted container SecureJarResource(jei)
[27Feb2026 02:36:14.444] [main/DEBUG] [mixin/]: Processing prepare() for PlatformAgent[MixinPlatformAgentDefault:SecureJarResource(jei)]
[27Feb2026 02:36:14.444] [main/DEBUG] [mixin/]: Adding mixin platform agents for container SecureJarResource(mclib)
[27Feb2026 02:36:14.444] [main/DEBUG] [mixin/]: Instancing new MixinPlatformAgentMinecraftForge for SecureJarResource(mclib)
[27Feb2026 02:36:14.444] [main/DEBUG] [mixin/]: MixinPlatformAgentMinecraftForge rejected container SecureJarResource(mclib)
[27Feb2026 02:36:14.444] [main/DEBUG] [mixin/]: Instancing new MixinPlatformAgentDefault for SecureJarResource(mclib)
[27Feb2026 02:36:14.444] [main/DEBUG] [mixin/]: MixinPlatformAgentDefault accepted container SecureJarResource(mclib)
[27Feb2026 02:36:14.445] [main/DEBUG] [mixin/]: Processing prepare() for PlatformAgent[MixinPlatformAgentDefault:SecureJarResource(mclib)]
[27Feb2026 02:36:14.445] [main/DEBUG] [mixin/]: inject() running with 13 agents
[27Feb2026 02:36:14.446] [main/DEBUG] [mixin/]: Processing inject() for PlatformAgent[MixinPlatformAgentDefault:ModLauncher Root Container(ModLauncher:4f56a0a2)]
[27Feb2026 02:36:14.446] [main/DEBUG] [mixin/]: Processing inject() for PlatformAgent[MixinPlatformAgentDefault:SecureJarResource(minecraft)]
[27Feb2026 02:36:14.446] [main/DEBUG] [mixin/]: Processing inject() for PlatformAgent[MixinPlatformAgentDefault:SecureJarResource(voicechat)]
[27Feb2026 02:36:14.446] [main/DEBUG] [mixin/]: Processing inject() for PlatformAgent[MixinPlatformAgentDefault:SecureJarResource(dungeons_arise_seven_seas)]
[27Feb2026 02:36:14.446] [main/DEBUG] [mixin/]: Processing inject() for PlatformAgent[MixinPlatformAgentDefault:SecureJarResource(forge)]
[27Feb2026 02:36:14.446] [main/DEBUG] [mixin/]: Processing inject() for PlatformAgent[MixinPlatformAgentDefault:SecureJarResource(jet_and_elias_armors)]
[27Feb2026 02:36:14.447] [main/DEBUG] [mixin/]: Processing inject() for PlatformAgent[MixinPlatformAgentDefault:SecureJarResource(bossominium)]
[27Feb2026 02:36:14.448] [main/DEBUG] [mixin/]: Processing inject() for PlatformAgent[MixinPlatformAgentDefault:SecureJarResource(geckolib)]
[27Feb2026 02:36:14.448] [main/DEBUG] [mixin/]: Processing inject() for PlatformAgent[MixinPlatformAgentDefault:SecureJarResource(chunky)]
[27Feb2026 02:36:14.448] [main/DEBUG] [mixin/]: Processing inject() for PlatformAgent[MixinPlatformAgentDefault:SecureJarResource(dungeons_arise)]
[27Feb2026 02:36:14.448] [main/DEBUG] [mixin/]: Processing inject() for PlatformAgent[MixinPlatformAgentDefault:SecureJarResource(travelersbackpack)]
[27Feb2026 02:36:14.448] [main/DEBUG] [mixin/]: Processing inject() for PlatformAgent[MixinPlatformAgentDefault:SecureJarResource(jei)]
[27Feb2026 02:36:14.448] [main/DEBUG] [mixin/]: Processing inject() for PlatformAgent[MixinPlatformAgentDefault:SecureJarResource(mclib)]
[27Feb2026 02:36:14.449] [main/INFO] [cpw.mods.modlauncher.LaunchServiceHandler/MODLAUNCHER]: Launching target 'forgeserver' with arguments [nogui]
[27Feb2026 02:36:14.489] [main/DEBUG] [mixin/]: Error cleaning class output directory: .mixin.out
[27Feb2026 02:36:14.491] [main/DEBUG] [mixin/]: Preparing mixins for MixinEnvironment[DEFAULT]
[27Feb2026 02:36:14.492] [main/DEBUG] [mixin/]: Selecting config geckolib.mixins.json
[27Feb2026 02:36:14.496] [main/DEBUG] [mixin/]: Selecting config mixins.travelersbackpack.json
[27Feb2026 02:36:14.498] [main/DEBUG] [mixin/]: Preparing geckolib.mixins.json (1)
[27Feb2026 02:36:14.498] [main/DEBUG] [mixin/]: Preparing mixins.travelersbackpack.json (1)
[27Feb2026 02:36:14.592] [main/DEBUG] [mixin/]: Registering new injector for @Inject with org.spongepowered.asm.mixin.injection.struct.CallbackInjectionInfo
[27Feb2026 02:36:14.595] [main/DEBUG] [mixin/]: Registering new injector for @ModifyArg with org.spongepowered.asm.mixin.injection.struct.ModifyArgInjectionInfo
[27Feb2026 02:36:14.596] [main/DEBUG] [mixin/]: Registering new injector for @ModifyArgs with org.spongepowered.asm.mixin.injection.struct.ModifyArgsInjectionInfo
[27Feb2026 02:36:14.598] [main/DEBUG] [mixin/]: Registering new injector for @Redirect with org.spongepowered.asm.mixin.injection.struct.RedirectInjectionInfo
[27Feb2026 02:36:14.599] [main/DEBUG] [mixin/]: Registering new injector for @ModifyVariable with org.spongepowered.asm.mixin.injection.struct.ModifyVariableInjectionInfo
[27Feb2026 02:36:14.600] [main/DEBUG] [mixin/]: Registering new injector for @ModifyConstant with org.spongepowered.asm.mixin.injection.struct.ModifyConstantInjectionInfo
[27Feb2026 02:36:14.670] [main/DEBUG] [io.netty.util.internal.logging.InternalLoggerFactory/]: Using SLF4J as the default logging framework
[27Feb2026 02:36:14.672] [main/DEBUG] [io.netty.util.ResourceLeakDetector/]: -Dio.netty.leakDetection.level: simple
[27Feb2026 02:36:14.673] [main/DEBUG] [io.netty.util.ResourceLeakDetector/]: -Dio.netty.leakDetection.targetRecords: 4
[27Feb2026 02:36:14.852] [main/WARN] [net.minecraft.SystemReport/]: Failed retrieving info for group hardware
java.lang.NoClassDefFoundError: com/sun/jna/Platform
	at oshi.SystemInfo.<clinit>(SystemInfo.java:60) ~[oshi-core-6.2.2.jar%2369!/:6.2.2]
	at net.minecraft.SystemReport.m_143564_(SystemReport.java:52) ~[server-1.20.1-20230612.114412-srg.jar%23115!/:?]
	at net.minecraft.SystemReport.m_143516_(SystemReport.java:82) ~[server-1.20.1-20230612.114412-srg.jar%23115!/:?]
	at net.minecraft.SystemReport.<init>(SystemReport.java:52) ~[server-1.20.1-20230612.114412-srg.jar%23115!/:?]
	at net.minecraft.CrashReport.<init>(CrashReport.java:31) ~[server-1.20.1-20230612.114412-srg.jar%23115!/:?]
	at net.minecraft.CrashReport.m_127529_(CrashReport.java:216) ~[server-1.20.1-20230612.114412-srg.jar%23115!/:?]
	at net.minecraft.server.Main.main(Main.java:116) ~[server-1.20.1-20230612.114412-srg.jar%23115!/:?]
	at jdk.internal.reflect.NativeMethodAccessorImpl.invoke0(Native Method) ~[?:?]
	at jdk.internal.reflect.NativeMethodAccessorImpl.invoke(NativeMethodAccessorImpl.java:77) ~[?:?]
	at jdk.internal.reflect.DelegatingMethodAccessorImpl.invoke(DelegatingMethodAccessorImpl.java:43) ~[?:?]
	at java.lang.reflect.Method.invoke(Method.java:569) ~[?:?]
	at net.minecraftforge.fml.loading.targets.CommonLaunchHandler.runTarget(CommonLaunchHandler.java:111) ~[fmlloader-1.20.1-47.4.16.jar%2367!/:?]
	at net.minecraftforge.fml.loading.targets.CommonLaunchHandler.serverService(CommonLaunchHandler.java:103) ~[fmlloader-1.20.1-47.4.16.jar%2367!/:?]
	at net.minecraftforge.fml.loading.targets.CommonServerLaunchHandler.lambda$makeService$0(CommonServerLaunchHandler.java:27) ~[fmlloader-1.20.1-47.4.16.jar%2367!/:?]
	at cpw.mods.modlauncher.LaunchServiceHandlerDecorator.launch(LaunchServiceHandlerDecorator.java:30) ~[modlauncher-10.0.9.jar%2353!/:?]
	at cpw.mods.modlauncher.LaunchServiceHandler.launch(LaunchServiceHandler.java:53) ~[modlauncher-10.0.9.jar%2353!/:?]
	at cpw.mods.modlauncher.LaunchServiceHandler.launch(LaunchServiceHandler.java:71) ~[modlauncher-10.0.9.jar%2353!/:?]
	at cpw.mods.modlauncher.Launcher.run(Launcher.java:108) ~[modlauncher-10.0.9.jar%2353!/:?]
	at cpw.mods.modlauncher.Launcher.main(Launcher.java:78) ~[modlauncher-10.0.9.jar%2353!/:?]
	at cpw.mods.modlauncher.BootstrapLaunchConsumer.accept(BootstrapLaunchConsumer.java:26) ~[modlauncher-10.0.9.jar%2353!/:?]
	at cpw.mods.modlauncher.BootstrapLaunchConsumer.accept(BootstrapLaunchConsumer.java:23) ~[modlauncher-10.0.9.jar%2353!/:?]
	at cpw.mods.bootstraplauncher.BootstrapLauncher.main(BootstrapLauncher.java:141) ~[bootstraplauncher-1.1.2.jar:?]
Caused by: java.lang.ClassNotFoundException: com.sun.jna.Platform
	at jdk.internal.loader.BuiltinClassLoader.loadClass(BuiltinClassLoader.java:641) ~[?:?]
	at java.lang.ClassLoader.loadClass(ClassLoader.java:525) ~[?:?]
	at cpw.mods.cl.ModuleClassLoader.loadClass(ModuleClassLoader.java:137) ~[securejarhandler-2.1.10.jar:?]
	at java.lang.ClassLoader.loadClass(ClassLoader.java:525) ~[?:?]
	... 22 more
[27Feb2026 02:36:15.140] [main/DEBUG] [mixin/]: Mixing PlayerMixin from mixins.travelersbackpack.json into net.minecraft.world.entity.player.Player
[27Feb2026 02:36:15.222] [main/DEBUG] [net.minecraftforge.coremod.transformer.CoreModBaseTransformer/COREMOD]: Transforming net/minecraft/world/entity/EntityType
[27Feb2026 02:36:15.576] [main/DEBUG] [net.minecraftforge.coremod.transformer.CoreModBaseTransformer/COREMOD]: Transforming net/minecraft/world/entity/EntityType
[27Feb2026 02:36:16.037] [main/DEBUG] [net.minecraftforge.coremod.transformer.CoreModBaseTransformer/COREMOD]: Transforming net/minecraft/world/level/block/LiquidBlock
[27Feb2026 02:36:16.081] [main/DEBUG] [net.minecraftforge.coremod.transformer.CoreModBaseTransformer/COREMOD]: Transforming net/minecraft/world/level/block/StairBlock
[27Feb2026 02:36:16.165] [main/DEBUG] [net.minecraftforge.coremod.transformer.CoreModBaseTransformer/COREMOD]: Transforming net/minecraft/world/level/block/FlowerPotBlock
[27Feb2026 02:36:16.941] [main/DEBUG] [net.minecraftforge.coremod.transformer.CoreModBaseTransformer/COREMOD]: Transforming net/minecraft/world/item/ItemStack
[27Feb2026 02:36:17.594] [main/DEBUG] [net.minecraftforge.coremod.transformer.CoreModBaseTransformer/COREMOD]: Transforming net/minecraft/world/entity/animal/frog/Tadpole
[27Feb2026 02:36:17.636] [main/DEBUG] [net.minecraftforge.coremod.transformer.CoreModBaseTransformer/COREMOD]: Transforming net/minecraft/world/item/BucketItem
[27Feb2026 02:36:18.460] [main/DEBUG] [net.minecraftforge.coremod.transformer.CoreModBaseTransformer/COREMOD]: Transforming net/minecraft/world/entity/monster/Spider
[27Feb2026 02:36:18.509] [main/DEBUG] [net.minecraftforge.coremod.transformer.CoreModBaseTransformer/COREMOD]: Transforming net/minecraft/world/entity/monster/Zombie
[27Feb2026 02:36:18.592] [main/DEBUG] [net.minecraftforge.coremod.transformer.CoreModBaseTransformer/COREMOD]: Transforming net/minecraft/world/entity/monster/ZombieVillager
[27Feb2026 02:36:18.669] [main/DEBUG] [net.minecraftforge.coremod.transformer.CoreModBaseTransformer/COREMOD]: Transforming net/minecraft/world/entity/monster/Evoker$EvokerSummonSpellGoal
[27Feb2026 02:36:18.781] [main/DEBUG] [net.minecraftforge.coremod.transformer.CoreModBaseTransformer/COREMOD]: Transforming net/minecraft/world/entity/animal/horse/SkeletonTrapGoal
[27Feb2026 02:36:18.798] [main/DEBUG] [net.minecraftforge.coremod.transformer.CoreModBaseTransformer/COREMOD]: Transforming net/minecraft/world/entity/monster/Strider
[27Feb2026 02:36:18.893] [main/DEBUG] [net.minecraftforge.coremod.transformer.CoreModBaseTransformer/COREMOD]: Transforming net/minecraft/world/entity/npc/Villager
[27Feb2026 02:36:18.992] [main/DEBUG] [net.minecraftforge.coremod.transformer.CoreModBaseTransformer/COREMOD]: Transforming net/minecraft/world/effect/MobEffectInstance
[27Feb2026 02:36:19.439] [main/DEBUG] [net.minecraftforge.coremod.transformer.CoreModBaseTransformer/COREMOD]: Transforming net/minecraft/world/level/levelgen/structure/Structure
[27Feb2026 02:36:19.477] [main/DEBUG] [net.minecraftforge.coremod.transformer.CoreModBaseTransformer/COREMOD]: Transforming net/minecraft/world/level/levelgen/structure/structures/OceanRuinPieces$OceanRuinPiece
[27Feb2026 02:36:19.494] [main/DEBUG] [net.minecraftforge.coremod.transformer.CoreModBaseTransformer/COREMOD]: Transforming net/minecraft/world/level/levelgen/structure/structures/SwampHutPiece
[27Feb2026 02:36:19.511] [main/DEBUG] [net.minecraftforge.coremod.transformer.CoreModBaseTransformer/COREMOD]: Transforming net/minecraft/world/level/levelgen/structure/structures/OceanMonumentPieces$OceanMonumentPiece
[27Feb2026 02:36:19.535] [main/DEBUG] [net.minecraftforge.coremod.transformer.CoreModBaseTransformer/COREMOD]: Transforming net/minecraft/world/level/levelgen/structure/structures/WoodlandMansionPieces$WoodlandMansionPiece
[27Feb2026 02:36:19.640] [main/DEBUG] [net.minecraftforge.coremod.transformer.CoreModBaseTransformer/COREMOD]: Transforming net/minecraft/world/level/biome/Biome
[27Feb2026 02:36:19.856] [main/DEBUG] [io.netty.util.internal.PlatformDependent0/]: -Dio.netty.noUnsafe: false
[27Feb2026 02:36:19.857] [main/DEBUG] [io.netty.util.internal.PlatformDependent0/]: Java version: 17
[27Feb2026 02:36:19.857] [main/DEBUG] [io.netty.util.internal.PlatformDependent0/]: sun.misc.Unsafe.theUnsafe: available
[27Feb2026 02:36:19.858] [main/DEBUG] [io.netty.util.internal.PlatformDependent0/]: sun.misc.Unsafe.copyMemory: available
[27Feb2026 02:36:19.858] [main/DEBUG] [io.netty.util.internal.PlatformDependent0/]: sun.misc.Unsafe.storeFence: available
[27Feb2026 02:36:19.858] [main/DEBUG] [io.netty.util.internal.PlatformDependent0/]: java.nio.Buffer.address: available
[27Feb2026 02:36:19.858] [main/DEBUG] [io.netty.util.internal.PlatformDependent0/]: direct buffer constructor: unavailable
java.lang.UnsupportedOperationException: Reflective setAccessible(true) disabled
	at io.netty.util.internal.ReflectionUtil.trySetAccessible(ReflectionUtil.java:31) ~[netty-common-4.1.82.Final.jar%2380!/:4.1.82.Final]
	at io.netty.util.internal.PlatformDependent0$5.run(PlatformDependent0.java:288) ~[netty-common-4.1.82.Final.jar%2380!/:4.1.82.Final]
	at java.security.AccessController.doPrivileged(AccessController.java:318) ~[?:?]
	at io.netty.util.internal.PlatformDependent0.<clinit>(PlatformDependent0.java:282) ~[netty-common-4.1.82.Final.jar%2380!/:4.1.82.Final]
	at io.netty.util.internal.PlatformDependent.isAndroid(PlatformDependent.java:333) ~[netty-common-4.1.82.Final.jar%2380!/:4.1.82.Final]
	at io.netty.util.internal.PlatformDependent.<clinit>(PlatformDependent.java:88) ~[netty-common-4.1.82.Final.jar%2380!/:4.1.82.Final]
	at io.netty.util.ConstantPool.<init>(ConstantPool.java:34) ~[netty-common-4.1.82.Final.jar%2380!/:4.1.82.Final]
	at io.netty.util.AttributeKey$1.<init>(AttributeKey.java:27) ~[netty-common-4.1.82.Final.jar%2380!/:4.1.82.Final]
	at io.netty.util.AttributeKey.<clinit>(AttributeKey.java:27) ~[netty-common-4.1.82.Final.jar%2380!/:4.1.82.Final]
	at net.minecraftforge.network.NetworkConstants.<clinit>(NetworkConstants.java:34) ~[forge-1.20.1-47.4.16-universal.jar%23120!/:?]
	at net.minecraftforge.network.NetworkHooks.init(NetworkHooks.java:52) ~[forge-1.20.1-47.4.16-universal.jar%23120!/:?]
	at net.minecraft.server.Bootstrap.m_135870_(Bootstrap.java:62) ~[server-1.20.1-20230612.114412-srg.jar%23115!/:?]
	at net.minecraft.server.Main.main(Main.java:121) ~[server-1.20.1-20230612.114412-srg.jar%23115!/:?]
	at jdk.internal.reflect.NativeMethodAccessorImpl.invoke0(Native Method) ~[?:?]
	at jdk.internal.reflect.NativeMethodAccessorImpl.invoke(NativeMethodAccessorImpl.java:77) ~[?:?]
	at jdk.internal.reflect.DelegatingMethodAccessorImpl.invoke(DelegatingMethodAccessorImpl.java:43) ~[?:?]
	at java.lang.reflect.Method.invoke(Method.java:569) ~[?:?]
	at net.minecraftforge.fml.loading.targets.CommonLaunchHandler.runTarget(CommonLaunchHandler.java:111) ~[fmlloader-1.20.1-47.4.16.jar%2367!/:?]
	at net.minecraftforge.fml.loading.targets.CommonLaunchHandler.serverService(CommonLaunchHandler.java:103) ~[fmlloader-1.20.1-47.4.16.jar%2367!/:?]
	at net.minecraftforge.fml.loading.targets.CommonServerLaunchHandler.lambda$makeService$0(CommonServerLaunchHandler.java:27) ~[fmlloader-1.20.1-47.4.16.jar%2367!/:?]
	at cpw.mods.modlauncher.LaunchServiceHandlerDecorator.launch(LaunchServiceHandlerDecorator.java:30) ~[modlauncher-10.0.9.jar%2353!/:?]
	at cpw.mods.modlauncher.LaunchServiceHandler.launch(LaunchServiceHandler.java:53) ~[modlauncher-10.0.9.jar%2353!/:?]
	at cpw.mods.modlauncher.LaunchServiceHandler.launch(LaunchServiceHandler.java:71) ~[modlauncher-10.0.9.jar%2353!/:?]
	at cpw.mods.modlauncher.Launcher.run(Launcher.java:108) ~[modlauncher-10.0.9.jar%2353!/:?]
	at cpw.mods.modlauncher.Launcher.main(Launcher.java:78) ~[modlauncher-10.0.9.jar%2353!/:?]
	at cpw.mods.modlauncher.BootstrapLaunchConsumer.accept(BootstrapLaunchConsumer.java:26) ~[modlauncher-10.0.9.jar%2353!/:?]
	at cpw.mods.modlauncher.BootstrapLaunchConsumer.accept(BootstrapLaunchConsumer.java:23) ~[modlauncher-10.0.9.jar%2353!/:?]
	at cpw.mods.bootstraplauncher.BootstrapLauncher.main(BootstrapLauncher.java:141) ~[bootstraplauncher-1.1.2.jar:?]
[27Feb2026 02:36:19.859] [main/DEBUG] [io.netty.util.internal.PlatformDependent0/]: java.nio.Bits.unaligned: available, true
[27Feb2026 02:36:19.860] [main/DEBUG] [io.netty.util.internal.PlatformDependent0/]: jdk.internal.misc.Unsafe.allocateUninitializedArray(int): unavailable
java.lang.IllegalAccessException: class io.netty.util.internal.PlatformDependent0$7 (in module io.netty.common) cannot access class jdk.internal.misc.Unsafe (in module java.base) because module java.base does not export jdk.internal.misc to module io.netty.common
	at jdk.internal.reflect.Reflection.newIllegalAccessException(Reflection.java:392) ~[?:?]
	at java.lang.reflect.AccessibleObject.checkAccess(AccessibleObject.java:674) ~[?:?]
	at java.lang.reflect.Method.invoke(Method.java:561) ~[?:?]
	at io.netty.util.internal.PlatformDependent0$7.run(PlatformDependent0.java:410) ~[netty-common-4.1.82.Final.jar%2380!/:4.1.82.Final]
	at java.security.AccessController.doPrivileged(AccessController.java:318) ~[?:?]
	at io.netty.util.internal.PlatformDependent0.<clinit>(PlatformDependent0.java:401) ~[netty-common-4.1.82.Final.jar%2380!/:4.1.82.Final]
	at io.netty.util.internal.PlatformDependent.isAndroid(PlatformDependent.java:333) ~[netty-common-4.1.82.Final.jar%2380!/:4.1.82.Final]
	at io.netty.util.internal.PlatformDependent.<clinit>(PlatformDependent.java:88) ~[netty-common-4.1.82.Final.jar%2380!/:4.1.82.Final]
	at io.netty.util.ConstantPool.<init>(ConstantPool.java:34) ~[netty-common-4.1.82.Final.jar%2380!/:4.1.82.Final]
	at io.netty.util.AttributeKey$1.<init>(AttributeKey.java:27) ~[netty-common-4.1.82.Final.jar%2380!/:4.1.82.Final]
	at io.netty.util.AttributeKey.<clinit>(AttributeKey.java:27) ~[netty-common-4.1.82.Final.jar%2380!/:4.1.82.Final]
	at net.minecraftforge.network.NetworkConstants.<clinit>(NetworkConstants.java:34) ~[forge-1.20.1-47.4.16-universal.jar%23120!/:?]
	at net.minecraftforge.network.NetworkHooks.init(NetworkHooks.java:52) ~[forge-1.20.1-47.4.16-universal.jar%23120!/:?]
	at net.minecraft.server.Bootstrap.m_135870_(Bootstrap.java:62) ~[server-1.20.1-20230612.114412-srg.jar%23115!/:?]
	at net.minecraft.server.Main.main(Main.java:121) ~[server-1.20.1-20230612.114412-srg.jar%23115!/:?]
	at jdk.internal.reflect.NativeMethodAccessorImpl.invoke0(Native Method) ~[?:?]
	at jdk.internal.reflect.NativeMethodAccessorImpl.invoke(NativeMethodAccessorImpl.java:77) ~[?:?]
	at jdk.internal.reflect.DelegatingMethodAccessorImpl.invoke(DelegatingMethodAccessorImpl.java:43) ~[?:?]
	at java.lang.reflect.Method.invoke(Method.java:569) ~[?:?]
	at net.minecraftforge.fml.loading.targets.CommonLaunchHandler.runTarget(CommonLaunchHandler.java:111) ~[fmlloader-1.20.1-47.4.16.jar%2367!/:?]
	at net.minecraftforge.fml.loading.targets.CommonLaunchHandler.serverService(CommonLaunchHandler.java:103) ~[fmlloader-1.20.1-47.4.16.jar%2367!/:?]
	at net.minecraftforge.fml.loading.targets.CommonServerLaunchHandler.lambda$makeService$0(CommonServerLaunchHandler.java:27) ~[fmlloader-1.20.1-47.4.16.jar%2367!/:?]
	at cpw.mods.modlauncher.LaunchServiceHandlerDecorator.launch(LaunchServiceHandlerDecorator.java:30) ~[modlauncher-10.0.9.jar%2353!/:?]
	at cpw.mods.modlauncher.LaunchServiceHandler.launch(LaunchServiceHandler.java:53) ~[modlauncher-10.0.9.jar%2353!/:?]
	at cpw.mods.modlauncher.LaunchServiceHandler.launch(LaunchServiceHandler.java:71) ~[modlauncher-10.0.9.jar%2353!/:?]
	at cpw.mods.modlauncher.Launcher.run(Launcher.java:108) ~[modlauncher-10.0.9.jar%2353!/:?]
	at cpw.mods.modlauncher.Launcher.main(Launcher.java:78) ~[modlauncher-10.0.9.jar%2353!/:?]
	at cpw.mods.modlauncher.BootstrapLaunchConsumer.accept(BootstrapLaunchConsumer.java:26) ~[modlauncher-10.0.9.jar%2353!/:?]
	at cpw.mods.modlauncher.BootstrapLaunchConsumer.accept(BootstrapLaunchConsumer.java:23) ~[modlauncher-10.0.9.jar%2353!/:?]
	at cpw.mods.bootstraplauncher.BootstrapLauncher.main(BootstrapLauncher.java:141) ~[bootstraplauncher-1.1.2.jar:?]
[27Feb2026 02:36:19.863] [main/DEBUG] [io.netty.util.internal.PlatformDependent0/]: java.nio.DirectByteBuffer.<init>(long, int): unavailable
[27Feb2026 02:36:19.863] [main/DEBUG] [io.netty.util.internal.PlatformDependent/]: sun.misc.Unsafe: available
[27Feb2026 02:36:19.863] [main/DEBUG] [io.netty.util.internal.PlatformDependent/]: maxDirectMemory: 13958643712 bytes (maybe)
[27Feb2026 02:36:19.863] [main/DEBUG] [io.netty.util.internal.PlatformDependent/]: -Dio.netty.tmpdir: /tmp (java.io.tmpdir)
[27Feb2026 02:36:19.863] [main/DEBUG] [io.netty.util.internal.PlatformDependent/]: -Dio.netty.bitMode: 64 (sun.arch.data.model)
[27Feb2026 02:36:19.864] [main/DEBUG] [io.netty.util.internal.PlatformDependent/]: -Dio.netty.maxDirectMemory: -1 bytes
[27Feb2026 02:36:19.864] [main/DEBUG] [io.netty.util.internal.PlatformDependent/]: -Dio.netty.uninitializedArrayAllocationThreshold: -1
[27Feb2026 02:36:19.865] [main/DEBUG] [io.netty.util.internal.CleanerJava9/]: java.nio.ByteBuffer.cleaner(): available
[27Feb2026 02:36:19.865] [main/DEBUG] [io.netty.util.internal.PlatformDependent/]: -Dio.netty.noPreferDirect: false
[27Feb2026 02:36:19.920] [main/DEBUG] [net.minecraftforge.network.NetworkHooks/]: Loading Network data for FML net version: FML3
[27Feb2026 02:36:19.944] [main/DEBUG] [net.minecraftforge.common.ForgeI18n/CORE]: Loading I18N data entries: 6434
[27Feb2026 02:36:19.959] [main/DEBUG] [net.minecraftforge.fml.ModWorkManager/LOADING]: Using 4 threads for parallel mod-loading
[27Feb2026 02:36:19.964] [main/DEBUG] [net.minecraftforge.fml.javafmlmod.FMLJavaModLanguageProvider/LOADING]: Loading FMLModContainer from classloader cpw.mods.modlauncher.TransformingClassLoader@24534cb0 - got cpw.mods.cl.ModuleClassLoader@705202d1
[27Feb2026 02:36:19.965] [main/DEBUG] [net.minecraftforge.fml.javafmlmod.FMLModContainer/LOADING]: Creating FMLModContainer instance for de.maxhenkel.voicechat.ForgeVoiceChatAPIDummyMod
[27Feb2026 02:36:19.966] [main/DEBUG] [net.minecraftforge.fml.javafmlmod.FMLJavaModLanguageProvider/LOADING]: Loading FMLModContainer from classloader cpw.mods.modlauncher.TransformingClassLoader@24534cb0 - got cpw.mods.cl.ModuleClassLoader@705202d1
[27Feb2026 02:36:19.967] [main/DEBUG] [net.minecraftforge.fml.javafmlmod.FMLModContainer/LOADING]: Creating FMLModContainer instance for de.maxhenkel.voicechat.ForgeVoicechatMod
[27Feb2026 02:36:19.967] [main/DEBUG] [net.minecraftforge.fml.javafmlmod.FMLJavaModLanguageProvider/LOADING]: Loading FMLModContainer from classloader cpw.mods.modlauncher.TransformingClassLoader@24534cb0 - got cpw.mods.cl.ModuleClassLoader@705202d1
[27Feb2026 02:36:19.967] [main/DEBUG] [net.minecraftforge.fml.javafmlmod.FMLModContainer/LOADING]: Creating FMLModContainer instance for net.aurelj.dungeons_arise_seven_seas.DungeonsAriseSevenSeasMain
[27Feb2026 02:36:19.968] [main/DEBUG] [net.minecraftforge.fml.javafmlmod.FMLJavaModLanguageProvider/LOADING]: Loading FMLModContainer from classloader cpw.mods.modlauncher.TransformingClassLoader@24534cb0 - got cpw.mods.cl.ModuleClassLoader@705202d1
[27Feb2026 02:36:19.968] [main/DEBUG] [net.minecraftforge.fml.javafmlmod.FMLModContainer/LOADING]: Creating FMLModContainer instance for net.minecraftforge.common.ForgeMod
[27Feb2026 02:36:19.970] [main/DEBUG] [net.minecraftforge.fml.javafmlmod.FMLJavaModLanguageProvider/LOADING]: Loading FMLModContainer from classloader cpw.mods.modlauncher.TransformingClassLoader@24534cb0 - got cpw.mods.cl.ModuleClassLoader@705202d1
[27Feb2026 02:36:19.970] [main/DEBUG] [net.minecraftforge.fml.javafmlmod.FMLModContainer/LOADING]: Creating FMLModContainer instance for net.mcreator.jet_and_elias_armors.JetAndEliasArmorsMod
[27Feb2026 02:36:19.970] [main/DEBUG] [net.minecraftforge.fml.javafmlmod.FMLJavaModLanguageProvider/LOADING]: Loading FMLModContainer from classloader cpw.mods.modlauncher.TransformingClassLoader@24534cb0 - got cpw.mods.cl.ModuleClassLoader@705202d1
[27Feb2026 02:36:19.970] [main/DEBUG] [net.minecraftforge.fml.javafmlmod.FMLModContainer/LOADING]: Creating FMLModContainer instance for net.mcreator.bossominium.BossominiumMod
[27Feb2026 02:36:19.971] [main/DEBUG] [net.minecraftforge.fml.javafmlmod.FMLJavaModLanguageProvider/LOADING]: Loading FMLModContainer from classloader cpw.mods.modlauncher.TransformingClassLoader@24534cb0 - got cpw.mods.cl.ModuleClassLoader@705202d1
[27Feb2026 02:36:19.971] [main/DEBUG] [net.minecraftforge.fml.javafmlmod.FMLModContainer/LOADING]: Creating FMLModContainer instance for software.bernie.example.GeckoLibMod
[27Feb2026 02:36:19.972] [main/DEBUG] [net.minecraftforge.fml.javafmlmod.FMLJavaModLanguageProvider/LOADING]: Loading FMLModContainer from classloader cpw.mods.modlauncher.TransformingClassLoader@24534cb0 - got cpw.mods.cl.ModuleClassLoader@705202d1
[27Feb2026 02:36:19.972] [main/DEBUG] [net.minecraftforge.fml.javafmlmod.FMLModContainer/LOADING]: Creating FMLModContainer instance for org.popcraft.chunky.ChunkyForge
[27Feb2026 02:36:19.972] [main/DEBUG] [net.minecraftforge.fml.javafmlmod.FMLJavaModLanguageProvider/LOADING]: Loading FMLModContainer from classloader cpw.mods.modlauncher.TransformingClassLoader@24534cb0 - got cpw.mods.cl.ModuleClassLoader@705202d1
[27Feb2026 02:36:19.973] [main/DEBUG] [net.minecraftforge.fml.javafmlmod.FMLModContainer/LOADING]: Creating FMLModContainer instance for net.aurelj.dungeons_arise.DungeonsAriseMain
[27Feb2026 02:36:19.973] [main/DEBUG] [net.minecraftforge.fml.javafmlmod.FMLJavaModLanguageProvider/LOADING]: Loading FMLModContainer from classloader cpw.mods.modlauncher.TransformingClassLoader@24534cb0 - got cpw.mods.cl.ModuleClassLoader@705202d1
[27Feb2026 02:36:19.973] [main/DEBUG] [net.minecraftforge.fml.javafmlmod.FMLModContainer/LOADING]: Creating FMLModContainer instance for com.tiviacz.travelersbackpack.TravelersBackpack
[27Feb2026 02:36:19.974] [main/DEBUG] [net.minecraftforge.fml.javafmlmod.FMLJavaModLanguageProvider/LOADING]: Loading FMLModContainer from classloader cpw.mods.modlauncher.TransformingClassLoader@24534cb0 - got cpw.mods.cl.ModuleClassLoader@705202d1
[27Feb2026 02:36:19.974] [main/DEBUG] [net.minecraftforge.fml.javafmlmod.FMLModContainer/LOADING]: Creating FMLModContainer instance for mezz.jei.forge.JustEnoughItems
[27Feb2026 02:36:19.988] [modloading-worker-0/DEBUG] [net.minecraftforge.fml.javafmlmod.AutomaticEventSubscriber/LOADING]: Attempting to inject @EventBusSubscriber classes into the eventbus for voicechat_api
[27Feb2026 02:36:19.989] [modloading-worker-0/DEBUG] [net.minecraftforge.fml.javafmlmod.AutomaticEventSubscriber/LOADING]: Attempting to inject @EventBusSubscriber classes into the eventbus for dungeons_arise_seven_seas
[27Feb2026 02:36:20.000] [modloading-worker-0/DEBUG] [net.minecraftforge.fml.javafmlmod.AutomaticEventSubscriber/LOADING]: Attempting to inject @EventBusSubscriber classes into the eventbus for voicechat
[27Feb2026 02:36:20.010] [modloading-worker-0/DEBUG] [net.minecraftforge.versions.forge.ForgeVersion/CORE]: Forge Version package package net.minecraftforge.versions.forge, Forge, version 47.4 from cpw.mods.modlauncher.TransformingClassLoader@24534cb0
[27Feb2026 02:36:20.011] [modloading-worker-0/DEBUG] [net.minecraftforge.versions.forge.ForgeVersion/CORE]: Found Forge version 47.4.16
[27Feb2026 02:36:20.011] [modloading-worker-0/DEBUG] [net.minecraftforge.versions.forge.ForgeVersion/CORE]: Found Forge spec 47.4
[27Feb2026 02:36:20.011] [modloading-worker-0/DEBUG] [net.minecraftforge.versions.forge.ForgeVersion/CORE]: Found Forge group net.minecraftforge
[27Feb2026 02:36:20.014] [modloading-worker-0/DEBUG] [net.minecraftforge.versions.mcp.MCPVersion/CORE]: MCP Version package package net.minecraftforge.versions.mcp, Minecraft, version 1.20.1 from cpw.mods.modlauncher.TransformingClassLoader@24534cb0
[27Feb2026 02:36:20.014] [modloading-worker-0/DEBUG] [net.minecraftforge.versions.mcp.MCPVersion/CORE]: Found MC version information 1.20.1
[27Feb2026 02:36:20.014] [modloading-worker-0/DEBUG] [net.minecraftforge.versions.mcp.MCPVersion/CORE]: Found MCP version information 20230612.114412
[27Feb2026 02:36:20.014] [modloading-worker-0/INFO] [net.minecraftforge.common.ForgeMod/FORGEMOD]: Forge mod loading, version 47.4.16, for MC 1.20.1 with MCP 20230612.114412
[27Feb2026 02:36:20.015] [modloading-worker-0/INFO] [net.minecraftforge.common.MinecraftForge/FORGE]: MinecraftForge v47.4.16 Initialized
[27Feb2026 02:36:20.020] [modloading-worker-0/DEBUG] [net.minecraftforge.fml.javafmlmod.AutomaticEventSubscriber/LOADING]: Attempting to inject @EventBusSubscriber classes into the eventbus for geckolib
[27Feb2026 02:36:20.027] [modloading-worker-0/DEBUG] [net.minecraftforge.fml.javafmlmod.AutomaticEventSubscriber/LOADING]: Auto-subscribing software.bernie.example.GeckoLibMod to FORGE
[27Feb2026 02:36:20.029] [modloading-worker-0/DEBUG] [net.minecraftforge.fml.javafmlmod.AutomaticEventSubscriber/LOADING]: Auto-subscribing software.bernie.example.CommonListener to MOD
[27Feb2026 02:36:20.042] [modloading-worker-0/DEBUG] [net.minecraftforge.fml.javafmlmod.AutomaticEventSubscriber/LOADING]: Attempting to inject @EventBusSubscriber classes into the eventbus for chunky
[27Feb2026 02:36:20.043] [modloading-worker-0/DEBUG] [net.minecraftforge.fml.javafmlmod.AutomaticEventSubscriber/LOADING]: Attempting to inject @EventBusSubscriber classes into the eventbus for dungeons_arise
[27Feb2026 02:36:20.086] [modloading-worker-0/DEBUG] [net.minecraftforge.fml.config.ConfigTracker/CONFIG]: Config file forge-client.toml for forge tracking
[27Feb2026 02:36:20.087] [modloading-worker-0/DEBUG] [net.minecraftforge.fml.config.ConfigTracker/CONFIG]: Config file forge-server.toml for forge tracking
[27Feb2026 02:36:20.087] [modloading-worker-0/DEBUG] [net.minecraftforge.fml.ModLoadingContext/]: Attempted to register an empty config for type COMMON on mod forge
[27Feb2026 02:36:20.090] [modloading-worker-0/DEBUG] [net.minecraftforge.fml.config.ConfigTracker/CONFIG]: Config file travelersbackpack-server.toml for travelersbackpack tracking
[27Feb2026 02:36:20.091] [modloading-worker-0/DEBUG] [net.minecraftforge.fml.config.ConfigTracker/CONFIG]: Config file travelersbackpack-common.toml for travelersbackpack tracking
[27Feb2026 02:36:20.091] [modloading-worker-0/DEBUG] [net.minecraftforge.fml.config.ConfigTracker/CONFIG]: Config file travelersbackpack-client.toml for travelersbackpack tracking
[27Feb2026 02:36:20.130] [modloading-worker-0/DEBUG] [net.minecraftforge.fml.javafmlmod.AutomaticEventSubscriber/LOADING]: Attempting to inject @EventBusSubscriber classes into the eventbus for forge
[27Feb2026 02:36:20.131] [modloading-worker-0/DEBUG] [net.minecraftforge.fml.javafmlmod.AutomaticEventSubscriber/LOADING]: Auto-subscribing net.minecraftforge.common.ForgeSpawnEggItem$CommonHandler to MOD
[27Feb2026 02:36:20.142] [modloading-worker-0/DEBUG] [net.minecraftforge.fml.config.ConfigTracker/CONFIG]: Config file jei-server.toml for jei tracking
[27Feb2026 02:36:20.150] [modloading-worker-0/DEBUG] [net.minecraftforge.fml.javafmlmod.AutomaticEventSubscriber/LOADING]: Attempting to inject @EventBusSubscriber classes into the eventbus for jei
[27Feb2026 02:36:20.224] [modloading-worker-0/DEBUG] [net.minecraftforge.fml.javafmlmod.AutomaticEventSubscriber/LOADING]: Attempting to inject @EventBusSubscriber classes into the eventbus for jet_and_elias_armors
[27Feb2026 02:36:20.226] [modloading-worker-0/DEBUG] [net.minecraftforge.fml.javafmlmod.AutomaticEventSubscriber/LOADING]: Auto-subscribing net.mcreator.jet_and_elias_armors.procedures.SentinelFullSetPassiveScrioptProcedure to FORGE
[27Feb2026 02:36:20.233] [modloading-worker-0/DEBUG] [net.minecraftforge.fml.javafmlmod.AutomaticEventSubscriber/LOADING]: Auto-subscribing net.mcreator.jet_and_elias_armors.procedures.SamuraiFullSetBonusProcedure to FORGE
[27Feb2026 02:36:20.239] [modloading-worker-0/DEBUG] [net.minecraftforge.fml.javafmlmod.AutomaticEventSubscriber/LOADING]: Auto-subscribing net.mcreator.jet_and_elias_armors.procedures.ResurrectionScriptProcedure to FORGE
[27Feb2026 02:36:20.245] [modloading-worker-0/DEBUG] [net.minecraftforge.fml.javafmlmod.AutomaticEventSubscriber/LOADING]: Auto-subscribing net.mcreator.jet_and_elias_armors.procedures.HeavyIronArmorEffectsProcedure to FORGE
[27Feb2026 02:36:20.246] [modloading-worker-0/DEBUG] [net.minecraftforge.fml.javafmlmod.AutomaticEventSubscriber/LOADING]: Auto-subscribing net.mcreator.jet_and_elias_armors.procedures.HavocKnightArmorBodyTickEventProcedure to FORGE
[27Feb2026 02:36:20.250] [modloading-worker-0/DEBUG] [net.minecraftforge.fml.javafmlmod.AutomaticEventSubscriber/LOADING]: Auto-subscribing net.mcreator.jet_and_elias_armors.procedures.GladiatorArmorFullSetPassiveProcedure to FORGE
[27Feb2026 02:36:20.251] [modloading-worker-0/DEBUG] [net.minecraftforge.fml.javafmlmod.AutomaticEventSubscriber/LOADING]: Auto-subscribing net.mcreator.jet_and_elias_armors.procedures.EliteSentinelFullSetBonusProcedure to FORGE
[27Feb2026 02:36:20.252] [modloading-worker-0/DEBUG] [net.minecraftforge.fml.javafmlmod.AutomaticEventSubscriber/LOADING]: Auto-subscribing net.mcreator.jet_and_elias_armors.procedures.EliteSamuraiArmorFullSetPassiveProcedure to FORGE
[27Feb2026 02:36:20.254] [modloading-worker-0/DEBUG] [net.minecraftforge.fml.javafmlmod.AutomaticEventSubscriber/LOADING]: Auto-subscribing net.mcreator.jet_and_elias_armors.procedures.EliteSamuraiArmorBlueFullSetPassiveProcedure to FORGE
[27Feb2026 02:36:20.255] [modloading-worker-0/DEBUG] [net.minecraftforge.fml.javafmlmod.AutomaticEventSubscriber/LOADING]: Auto-subscribing net.mcreator.jet_and_elias_armors.procedures.CooldownARProcedure to FORGE
[27Feb2026 02:36:20.259] [modloading-worker-0/DEBUG] [net.minecraftforge.fml.javafmlmod.AutomaticEventSubscriber/LOADING]: Auto-subscribing net.mcreator.jet_and_elias_armors.procedures.BulwarkFullSetPassiveProcedure to FORGE
[27Feb2026 02:36:20.260] [modloading-worker-0/DEBUG] [net.minecraftforge.fml.javafmlmod.AutomaticEventSubscriber/LOADING]: Auto-subscribing net.mcreator.jet_and_elias_armors.procedures.BulwarkArrowBlockProcedure to FORGE
[27Feb2026 02:36:20.262] [modloading-worker-0/DEBUG] [net.minecraftforge.fml.javafmlmod.AutomaticEventSubscriber/LOADING]: Auto-subscribing net.mcreator.jet_and_elias_armors.procedures.BlueSamuraiFullSetBonusProcedure to FORGE
[27Feb2026 02:36:20.262] [modloading-worker-0/DEBUG] [net.minecraftforge.fml.javafmlmod.AutomaticEventSubscriber/LOADING]: Auto-subscribing net.mcreator.jet_and_elias_armors.procedures.BIGHavocKnightFullSetBonusProcedure to FORGE
[27Feb2026 02:36:20.263] [modloading-worker-0/DEBUG] [net.minecraftforge.fml.javafmlmod.AutomaticEventSubscriber/LOADING]: Auto-subscribing net.mcreator.jet_and_elias_armors.network.OniRushMessage to MOD
[27Feb2026 02:36:20.265] [modloading-worker-0/DEBUG] [net.minecraftforge.fml.javafmlmod.AutomaticEventSubscriber/LOADING]: Auto-subscribing net.mcreator.jet_and_elias_armors.network.JetAndEliasArmorsModVariables to MOD
[27Feb2026 02:36:20.271] [modloading-worker-0/DEBUG] [net.minecraftforge.fml.javafmlmod.AutomaticEventSubscriber/LOADING]: Auto-subscribing net.mcreator.jet_and_elias_armors.network.JetAndEliasArmorsModVariables$PlayerVariablesProvider to FORGE
[27Feb2026 02:36:20.275] [modloading-worker-0/DEBUG] [net.minecraftforge.fml.javafmlmod.AutomaticEventSubscriber/LOADING]: Auto-subscribing net.mcreator.jet_and_elias_armors.network.JetAndEliasArmorsModVariables$EventBusVariableHandlers to FORGE
[27Feb2026 02:36:20.281] [modloading-worker-0/DEBUG] [net.minecraftforge.fml.javafmlmod.AutomaticEventSubscriber/LOADING]: Auto-subscribing net.mcreator.jet_and_elias_armors.network.EnenraKeybindMessage to MOD
[27Feb2026 02:36:20.284] [modloading-worker-0/DEBUG] [net.minecraftforge.fml.javafmlmod.AutomaticEventSubscriber/LOADING]: Auto-subscribing net.mcreator.jet_and_elias_armors.network.DeathKnightPurgeMessage to MOD
[27Feb2026 02:36:20.286] [modloading-worker-0/DEBUG] [net.minecraftforge.fml.javafmlmod.AutomaticEventSubscriber/LOADING]: Auto-subscribing net.mcreator.jet_and_elias_armors.network.AvalonsResilienceMessage to MOD
[27Feb2026 02:36:20.287] [modloading-worker-0/DEBUG] [net.minecraftforge.fml.javafmlmod.AutomaticEventSubscriber/LOADING]: Auto-subscribing net.mcreator.jet_and_elias_armors.network.AvalonsResilienceMaskedMessage to MOD
[27Feb2026 02:36:20.289] [modloading-worker-0/DEBUG] [net.minecraftforge.fml.javafmlmod.AutomaticEventSubscriber/LOADING]: Auto-subscribing net.mcreator.jet_and_elias_armors.network.AvalonsCurseKeybindMessage to MOD
[27Feb2026 02:36:20.290] [modloading-worker-0/DEBUG] [net.minecraftforge.fml.javafmlmod.AutomaticEventSubscriber/LOADING]: Auto-subscribing net.mcreator.jet_and_elias_armors.init.JetAndEliasArmorsModTrades to FORGE
[27Feb2026 02:36:20.379] [modloading-worker-0/DEBUG] [net.minecraftforge.fml.javafmlmod.AutomaticEventSubscriber/LOADING]: Attempting to inject @EventBusSubscriber classes into the eventbus for bossominium
[27Feb2026 02:36:20.380] [modloading-worker-0/DEBUG] [net.minecraftforge.fml.javafmlmod.AutomaticEventSubscriber/LOADING]: Auto-subscribing net.mcreator.bossominium.procedures.VexWingGetProcedure to FORGE
[27Feb2026 02:36:20.381] [modloading-worker-0/DEBUG] [net.minecraftforge.fml.javafmlmod.AutomaticEventSubscriber/LOADING]: Auto-subscribing net.mcreator.bossominium.procedures.VemgfulDeathTraderProcedure to FORGE
[27Feb2026 02:36:20.382] [modloading-worker-0/DEBUG] [net.minecraftforge.fml.javafmlmod.AutomaticEventSubscriber/LOADING]: Auto-subscribing net.mcreator.bossominium.procedures.UndeadEyeUseoffProcedure to FORGE
[27Feb2026 02:36:20.385] [modloading-worker-0/DEBUG] [net.minecraftforge.fml.javafmlmod.AutomaticEventSubscriber/LOADING]: Auto-subscribing net.mcreator.bossominium.procedures.UndeadEyeUSeProcedure to FORGE
[27Feb2026 02:36:20.386] [modloading-worker-0/DEBUG] [net.minecraftforge.fml.javafmlmod.AutomaticEventSubscriber/LOADING]: Auto-subscribing net.mcreator.bossominium.procedures.SummonTraderProcedure to FORGE
[27Feb2026 02:36:20.391] [modloading-worker-0/DEBUG] [net.minecraftforge.fml.javafmlmod.AutomaticEventSubscriber/LOADING]: Auto-subscribing net.mcreator.bossominium.procedures.StrayedWarriorSummonProcedure to FORGE
[27Feb2026 02:36:20.395] [modloading-worker-0/DEBUG] [net.minecraftforge.fml.javafmlmod.AutomaticEventSubscriber/LOADING]: Auto-subscribing net.mcreator.bossominium.procedures.StrayedSwordNotAttackSwordProcedure to FORGE
[27Feb2026 02:36:20.398] [modloading-worker-0/DEBUG] [net.minecraftforge.fml.javafmlmod.AutomaticEventSubscriber/LOADING]: Auto-subscribing net.mcreator.bossominium.procedures.StrayedSwordNotAttackProcedure to FORGE
[27Feb2026 02:36:20.399] [modloading-worker-0/DEBUG] [net.minecraftforge.fml.javafmlmod.AutomaticEventSubscriber/LOADING]: Auto-subscribing net.mcreator.bossominium.procedures.SoulReaperDeathProcedure to FORGE
[27Feb2026 02:36:20.401] [modloading-worker-0/DEBUG] [net.minecraftforge.fml.javafmlmod.AutomaticEventSubscriber/LOADING]: Auto-subscribing net.mcreator.bossominium.procedures.SoulReaperAttackProcedure to FORGE
[27Feb2026 02:36:20.402] [modloading-worker-0/DEBUG] [net.minecraftforge.fml.javafmlmod.AutomaticEventSubscriber/LOADING]: Auto-subscribing net.mcreator.bossominium.procedures.SkelenadoDeathProcedure to FORGE
[27Feb2026 02:36:20.403] [modloading-worker-0/DEBUG] [net.minecraftforge.fml.javafmlmod.AutomaticEventSubscriber/LOADING]: Auto-subscribing net.mcreator.bossominium.procedures.RuintotemuseoffProcedure to FORGE
[27Feb2026 02:36:20.404] [modloading-worker-0/DEBUG] [net.minecraftforge.fml.javafmlmod.AutomaticEventSubscriber/LOADING]: Auto-subscribing net.mcreator.bossominium.procedures.RuinTotemUSeProcedure to FORGE
[27Feb2026 02:36:20.405] [modloading-worker-0/DEBUG] [net.minecraftforge.fml.javafmlmod.AutomaticEventSubscriber/LOADING]: Auto-subscribing net.mcreator.bossominium.procedures.RosestaffentityProcedure to FORGE
[27Feb2026 02:36:20.406] [modloading-worker-0/DEBUG] [net.minecraftforge.fml.javafmlmod.AutomaticEventSubscriber/LOADING]: Auto-subscribing net.mcreator.bossominium.procedures.RemantSpreadProcedure to FORGE
[27Feb2026 02:36:20.407] [modloading-worker-0/DEBUG] [net.minecraftforge.fml.javafmlmod.AutomaticEventSubscriber/LOADING]: Auto-subscribing net.mcreator.bossominium.procedures.RedstoneTurretSummonProcedure to FORGE
[27Feb2026 02:36:20.408] [modloading-worker-0/DEBUG] [net.minecraftforge.fml.javafmlmod.AutomaticEventSubscriber/LOADING]: Auto-subscribing net.mcreator.bossominium.procedures.PurermanTransformProcedure to FORGE
[27Feb2026 02:36:20.409] [modloading-worker-0/DEBUG] [net.minecraftforge.fml.javafmlmod.AutomaticEventSubscriber/LOADING]: Auto-subscribing net.mcreator.bossominium.procedures.ProjectileBlockProcedure to FORGE
[27Feb2026 02:36:20.410] [modloading-worker-0/DEBUG] [net.minecraftforge.fml.javafmlmod.AutomaticEventSubscriber/LOADING]: Auto-subscribing net.mcreator.bossominium.procedures.NetherrackHeartNotAttckProcedure to FORGE
[27Feb2026 02:36:20.411] [modloading-worker-0/DEBUG] [net.minecraftforge.fml.javafmlmod.AutomaticEventSubscriber/LOADING]: Auto-subscribing net.mcreator.bossominium.procedures.MorsemancerSpawnProcedure to FORGE
[27Feb2026 02:36:20.412] [modloading-worker-0/DEBUG] [net.minecraftforge.fml.javafmlmod.AutomaticEventSubscriber/LOADING]: Auto-subscribing net.mcreator.bossominium.procedures.MorsemancerNotAttackProcedure to FORGE
[27Feb2026 02:36:20.412] [modloading-worker-0/DEBUG] [net.minecraftforge.fml.javafmlmod.AutomaticEventSubscriber/LOADING]: Auto-subscribing net.mcreator.bossominium.procedures.HellHoundSummonProcedure to FORGE
[27Feb2026 02:36:20.413] [modloading-worker-0/DEBUG] [net.minecraftforge.fml.javafmlmod.AutomaticEventSubscriber/LOADING]: Auto-subscribing net.mcreator.bossominium.procedures.HellHoundMakeProcedure to FORGE
[27Feb2026 02:36:20.417] [modloading-worker-0/DEBUG] [net.minecraftforge.fml.javafmlmod.AutomaticEventSubscriber/LOADING]: Auto-subscribing net.mcreator.bossominium.procedures.HeartSummonProcedure to FORGE
[27Feb2026 02:36:20.418] [modloading-worker-0/DEBUG] [net.minecraftforge.fml.javafmlmod.AutomaticEventSubscriber/LOADING]: Auto-subscribing net.mcreator.bossominium.procedures.GuardianSaplingPlantRightClickedProcedure to FORGE
[27Feb2026 02:36:20.419] [modloading-worker-0/DEBUG] [net.minecraftforge.fml.javafmlmod.AutomaticEventSubscriber/LOADING]: Auto-subscribing net.mcreator.bossominium.procedures.GoldenRingSummonProcedure to FORGE
[27Feb2026 02:36:20.420] [modloading-worker-0/DEBUG] [net.minecraftforge.fml.javafmlmod.AutomaticEventSubscriber/LOADING]: Auto-subscribing net.mcreator.bossominium.procedures.GoldenEyeTotemUseProcedure to FORGE
[27Feb2026 02:36:20.421] [modloading-worker-0/DEBUG] [net.minecraftforge.fml.javafmlmod.AutomaticEventSubscriber/LOADING]: Auto-subscribing net.mcreator.bossominium.procedures.GoldenEyeTotemOffProcedure to FORGE
[27Feb2026 02:36:20.421] [modloading-worker-0/DEBUG] [net.minecraftforge.fml.javafmlmod.AutomaticEventSubscriber/LOADING]: Auto-subscribing net.mcreator.bossominium.procedures.GoldenCharmUseProcedure to FORGE
[27Feb2026 02:36:20.423] [modloading-worker-0/DEBUG] [net.minecraftforge.fml.javafmlmod.AutomaticEventSubscriber/LOADING]: Auto-subscribing net.mcreator.bossominium.procedures.FlyingRoseHealProcedure to FORGE
[27Feb2026 02:36:20.424] [modloading-worker-0/DEBUG] [net.minecraftforge.fml.javafmlmod.AutomaticEventSubscriber/LOADING]: Auto-subscribing net.mcreator.bossominium.procedures.FallarotanotattackProcedure to FORGE
[27Feb2026 02:36:20.426] [modloading-worker-0/DEBUG] [net.minecraftforge.fml.javafmlmod.AutomaticEventSubscriber/LOADING]: Auto-subscribing net.mcreator.bossominium.procedures.FallarotaSummoningProcedure to FORGE
[27Feb2026 02:36:20.427] [modloading-worker-0/DEBUG] [net.minecraftforge.fml.javafmlmod.AutomaticEventSubscriber/LOADING]: Auto-subscribing net.mcreator.bossominium.procedures.FallarotaCorruptedTurretAttackProcedure to FORGE
[27Feb2026 02:36:20.427] [modloading-worker-0/DEBUG] [net.minecraftforge.fml.javafmlmod.AutomaticEventSubscriber/LOADING]: Auto-subscribing net.mcreator.bossominium.procedures.FallarotaAttackProcedure to FORGE
[27Feb2026 02:36:20.428] [modloading-worker-0/DEBUG] [net.minecraftforge.fml.javafmlmod.AutomaticEventSubscriber/LOADING]: Auto-subscribing net.mcreator.bossominium.procedures.DragonEssenseGetProcedure to FORGE
[27Feb2026 02:36:20.429] [modloading-worker-0/DEBUG] [net.minecraftforge.fml.javafmlmod.AutomaticEventSubscriber/LOADING]: Auto-subscribing net.mcreator.bossominium.procedures.DimensionalShardRightclickedOnBlockProcedure to FORGE
[27Feb2026 02:36:20.431] [modloading-worker-0/DEBUG] [net.minecraftforge.fml.javafmlmod.AutomaticEventSubscriber/LOADING]: Auto-subscribing net.mcreator.bossominium.procedures.DaggerFireProcedure to FORGE
[27Feb2026 02:36:20.432] [modloading-worker-0/DEBUG] [net.minecraftforge.fml.javafmlmod.AutomaticEventSubscriber/LOADING]: Auto-subscribing net.mcreator.bossominium.procedures.CursedArmorKillProcedure to FORGE
[27Feb2026 02:36:20.433] [modloading-worker-0/DEBUG] [net.minecraftforge.fml.javafmlmod.AutomaticEventSubscriber/LOADING]: Auto-subscribing net.mcreator.bossominium.procedures.CurseOfTheRingGetProcedure to FORGE
[27Feb2026 02:36:20.434] [modloading-worker-0/DEBUG] [net.minecraftforge.fml.javafmlmod.AutomaticEventSubscriber/LOADING]: Auto-subscribing net.mcreator.bossominium.procedures.BossdexiumGetProcedure to FORGE
[27Feb2026 02:36:20.434] [modloading-worker-0/DEBUG] [net.minecraftforge.fml.javafmlmod.AutomaticEventSubscriber/LOADING]: Auto-subscribing net.mcreator.bossominium.procedures.BossdexiumConfigProcedure to FORGE
[27Feb2026 02:36:20.435] [modloading-worker-0/DEBUG] [net.minecraftforge.fml.javafmlmod.AutomaticEventSubscriber/LOADING]: Auto-subscribing net.mcreator.bossominium.procedures.BadlandsDeathProcedure to FORGE
[27Feb2026 02:36:20.437] [modloading-worker-0/DEBUG] [net.minecraftforge.fml.javafmlmod.AutomaticEventSubscriber/LOADING]: Auto-subscribing net.mcreator.bossominium.procedures.AttackVengefultraderProcedure to FORGE
[27Feb2026 02:36:20.438] [modloading-worker-0/DEBUG] [net.minecraftforge.fml.javafmlmod.AutomaticEventSubscriber/LOADING]: Auto-subscribing net.mcreator.bossominium.procedures.AttackStrayedWarriorProcedure to FORGE
[27Feb2026 02:36:20.440] [modloading-worker-0/DEBUG] [net.minecraftforge.fml.javafmlmod.AutomaticEventSubscriber/LOADING]: Auto-subscribing net.mcreator.bossominium.procedures.AttackPureremanProcedure to FORGE
[27Feb2026 02:36:20.441] [modloading-worker-0/DEBUG] [net.minecraftforge.fml.javafmlmod.AutomaticEventSubscriber/LOADING]: Auto-subscribing net.mcreator.bossominium.procedures.AttackLostSpiritProcedure to FORGE
[27Feb2026 02:36:20.442] [modloading-worker-0/DEBUG] [net.minecraftforge.fml.javafmlmod.AutomaticEventSubscriber/LOADING]: Auto-subscribing net.mcreator.bossominium.procedures.AttackFungalBruteProcedure to FORGE
[27Feb2026 02:36:20.443] [modloading-worker-0/DEBUG] [net.minecraftforge.fml.javafmlmod.AutomaticEventSubscriber/LOADING]: Auto-subscribing net.mcreator.bossominium.procedures.AttackForestMaceProcedure to FORGE
[27Feb2026 02:36:20.444] [modloading-worker-0/DEBUG] [net.minecraftforge.fml.javafmlmod.AutomaticEventSubscriber/LOADING]: Auto-subscribing net.mcreator.bossominium.procedures.ArtisanHayUseProcedure to FORGE
[27Feb2026 02:36:20.446] [modloading-worker-0/DEBUG] [net.minecraftforge.fml.javafmlmod.AutomaticEventSubscriber/LOADING]: Auto-subscribing net.mcreator.bossominium.procedures.ArtisanBuffProcedure to FORGE
[27Feb2026 02:36:20.447] [modloading-worker-0/DEBUG] [net.minecraftforge.fml.javafmlmod.AutomaticEventSubscriber/LOADING]: Auto-subscribing net.mcreator.bossominium.procedures.ArchivedEyeGetProcedure to FORGE
[27Feb2026 02:36:20.448] [modloading-worker-0/DEBUG] [net.minecraftforge.fml.javafmlmod.AutomaticEventSubscriber/LOADING]: Auto-subscribing net.mcreator.bossominium.procedures.AncientRemantNotAttackProcedure to FORGE
[27Feb2026 02:36:20.449] [modloading-worker-0/DEBUG] [net.minecraftforge.fml.javafmlmod.AutomaticEventSubscriber/LOADING]: Auto-subscribing net.mcreator.bossominium.procedures.AncientHelmUseProcedure to FORGE
[27Feb2026 02:36:20.450] [modloading-worker-0/DEBUG] [net.minecraftforge.fml.javafmlmod.AutomaticEventSubscriber/LOADING]: Auto-subscribing net.mcreator.bossominium.procedures.AbyssalCleanserUseProcedure to FORGE
[27Feb2026 02:36:20.451] [modloading-worker-0/DEBUG] [net.minecraftforge.fml.javafmlmod.AutomaticEventSubscriber/LOADING]: Auto-subscribing net.mcreator.bossominium.network.BossominiumModVariables to MOD
[27Feb2026 02:36:20.453] [modloading-worker-0/DEBUG] [net.minecraftforge.fml.javafmlmod.AutomaticEventSubscriber/LOADING]: Auto-subscribing net.mcreator.bossominium.network.BossominiumModVariables$PlayerVariablesProvider to FORGE
[27Feb2026 02:36:20.454] [modloading-worker-0/DEBUG] [net.minecraftforge.fml.javafmlmod.AutomaticEventSubscriber/LOADING]: Auto-subscribing net.mcreator.bossominium.network.BossominiumModVariables$EventBusVariableHandlers to FORGE
[27Feb2026 02:36:20.456] [modloading-worker-0/DEBUG] [net.minecraftforge.fml.javafmlmod.AutomaticEventSubscriber/LOADING]: Auto-subscribing net.mcreator.bossominium.network.Bossominium22ButtonMessage to MOD
[27Feb2026 02:36:20.457] [modloading-worker-0/DEBUG] [net.minecraftforge.fml.javafmlmod.AutomaticEventSubscriber/LOADING]: Auto-subscribing net.mcreator.bossominium.network.Bossominium21ButtonMessage to MOD
[27Feb2026 02:36:20.458] [modloading-worker-0/DEBUG] [net.minecraftforge.fml.javafmlmod.AutomaticEventSubscriber/LOADING]: Auto-subscribing net.mcreator.bossominium.network.Bossominium20ButtonMessage to MOD
[27Feb2026 02:36:20.459] [modloading-worker-0/DEBUG] [net.minecraftforge.fml.javafmlmod.AutomaticEventSubscriber/LOADING]: Auto-subscribing net.mcreator.bossominium.network.Bossominium19ButtonMessage to MOD
[27Feb2026 02:36:20.460] [modloading-worker-0/DEBUG] [net.minecraftforge.fml.javafmlmod.AutomaticEventSubscriber/LOADING]: Auto-subscribing net.mcreator.bossominium.network.Bossominium18ButtonMessage to MOD
[27Feb2026 02:36:20.461] [modloading-worker-0/DEBUG] [net.minecraftforge.fml.javafmlmod.AutomaticEventSubscriber/LOADING]: Auto-subscribing net.mcreator.bossominium.network.Bossominium17ButtonMessage to MOD
[27Feb2026 02:36:20.462] [modloading-worker-0/DEBUG] [net.minecraftforge.fml.javafmlmod.AutomaticEventSubscriber/LOADING]: Auto-subscribing net.mcreator.bossominium.network.Bossominium16ButtonMessage to MOD
[27Feb2026 02:36:20.463] [modloading-worker-0/DEBUG] [net.minecraftforge.fml.javafmlmod.AutomaticEventSubscriber/LOADING]: Auto-subscribing net.mcreator.bossominium.network.Bossominium15ButtonMessage to MOD
[27Feb2026 02:36:20.465] [modloading-worker-0/DEBUG] [net.minecraftforge.fml.javafmlmod.AutomaticEventSubscriber/LOADING]: Auto-subscribing net.mcreator.bossominium.network.Bossominium14ButtonMessage to MOD
[27Feb2026 02:36:20.466] [modloading-worker-0/DEBUG] [net.minecraftforge.fml.javafmlmod.AutomaticEventSubscriber/LOADING]: Auto-subscribing net.mcreator.bossominium.network.Bossominium13ButtonMessage to MOD
[27Feb2026 02:36:20.467] [modloading-worker-0/DEBUG] [net.minecraftforge.fml.javafmlmod.AutomaticEventSubscriber/LOADING]: Auto-subscribing net.mcreator.bossominium.network.Bossominium12ButtonMessage to MOD
[27Feb2026 02:36:20.468] [modloading-worker-0/DEBUG] [net.minecraftforge.fml.javafmlmod.AutomaticEventSubscriber/LOADING]: Auto-subscribing net.mcreator.bossominium.network.Bossominium11ButtonMessage to MOD
[27Feb2026 02:36:20.469] [modloading-worker-0/DEBUG] [net.minecraftforge.fml.javafmlmod.AutomaticEventSubscriber/LOADING]: Auto-subscribing net.mcreator.bossominium.network.Bossominium10ButtonMessage to MOD
[27Feb2026 02:36:20.470] [modloading-worker-0/DEBUG] [net.minecraftforge.fml.javafmlmod.AutomaticEventSubscriber/LOADING]: Auto-subscribing net.mcreator.bossominium.network.Bossominium08ButtonMessage to MOD
[27Feb2026 02:36:20.471] [modloading-worker-0/DEBUG] [net.minecraftforge.fml.javafmlmod.AutomaticEventSubscriber/LOADING]: Auto-subscribing net.mcreator.bossominium.network.Bossominium07ButtonMessage to MOD
[27Feb2026 02:36:20.472] [modloading-worker-0/DEBUG] [net.minecraftforge.fml.javafmlmod.AutomaticEventSubscriber/LOADING]: Auto-subscribing net.mcreator.bossominium.network.Bossominium06ButtonMessage to MOD
[27Feb2026 02:36:20.473] [modloading-worker-0/DEBUG] [net.minecraftforge.fml.javafmlmod.AutomaticEventSubscriber/LOADING]: Auto-subscribing net.mcreator.bossominium.network.Bossominium05ButtonMessage to MOD
[27Feb2026 02:36:20.476] [modloading-worker-0/DEBUG] [net.minecraftforge.fml.javafmlmod.AutomaticEventSubscriber/LOADING]: Auto-subscribing net.mcreator.bossominium.network.Bossominium04ButtonMessage to MOD
[27Feb2026 02:36:20.477] [modloading-worker-0/DEBUG] [net.minecraftforge.fml.javafmlmod.AutomaticEventSubscriber/LOADING]: Auto-subscribing net.mcreator.bossominium.network.Bossominium03ButtonMessage to MOD
[27Feb2026 02:36:20.478] [modloading-worker-0/DEBUG] [net.minecraftforge.fml.javafmlmod.AutomaticEventSubscriber/LOADING]: Auto-subscribing net.mcreator.bossominium.network.Bossominium02ButtonMessage to MOD
[27Feb2026 02:36:20.479] [modloading-worker-0/DEBUG] [net.minecraftforge.fml.javafmlmod.AutomaticEventSubscriber/LOADING]: Auto-subscribing net.mcreator.bossominium.network.Bossominium01ButtonMessage to MOD
[27Feb2026 02:36:20.480] [modloading-worker-0/DEBUG] [net.minecraftforge.fml.javafmlmod.AutomaticEventSubscriber/LOADING]: Auto-subscribing net.mcreator.bossominium.network.Bossominiom09SwitchButtonMessage to MOD
[27Feb2026 02:36:20.482] [modloading-worker-0/DEBUG] [net.minecraftforge.fml.javafmlmod.AutomaticEventSubscriber/LOADING]: Auto-subscribing net.mcreator.bossominium.network.Bossdexium0ButtonMessage to MOD
[27Feb2026 02:36:20.485] [modloading-worker-0/DEBUG] [net.minecraftforge.fml.javafmlmod.AutomaticEventSubscriber/LOADING]: Auto-subscribing net.mcreator.bossominium.init.EntityAnimationFactory to FORGE
[27Feb2026 02:36:20.488] [modloading-worker-0/DEBUG] [net.minecraftforge.fml.javafmlmod.AutomaticEventSubscriber/LOADING]: Auto-subscribing net.mcreator.bossominium.init.BossominiumModTrades to FORGE
[27Feb2026 02:36:20.489] [modloading-worker-0/DEBUG] [net.minecraftforge.fml.javafmlmod.AutomaticEventSubscriber/LOADING]: Auto-subscribing net.mcreator.bossominium.init.BossominiumModEntities to MOD
[27Feb2026 02:36:20.497] [modloading-worker-0/DEBUG] [net.minecraftforge.fml.javafmlmod.AutomaticEventSubscriber/LOADING]: Attempting to inject @EventBusSubscriber classes into the eventbus for travelersbackpack
[27Feb2026 02:36:20.497] [modloading-worker-0/DEBUG] [net.minecraftforge.fml.javafmlmod.AutomaticEventSubscriber/LOADING]: Auto-subscribing com.tiviacz.travelersbackpack.handlers.NeoForgeEventHandler to FORGE
[27Feb2026 02:36:20.518] [modloading-worker-0/DEBUG] [net.minecraftforge.fml.javafmlmod.AutomaticEventSubscriber/LOADING]: Auto-subscribing com.tiviacz.travelersbackpack.handlers.ModEventHandler to MOD
[27Feb2026 02:36:20.585] [main/DEBUG] [net.minecraftforge.common.capabilities.CapabilityManager/CAPABILITIES]: Attempting to automatically register: Lcom/tiviacz/travelersbackpack/capability/ITravelersBackpack;
[27Feb2026 02:36:20.586] [main/DEBUG] [net.minecraftforge.common.capabilities.CapabilityManager/CAPABILITIES]: Attempting to automatically register: Lnet/minecraftforge/energy/IEnergyStorage;
[27Feb2026 02:36:20.586] [main/DEBUG] [net.minecraftforge.common.capabilities.CapabilityManager/CAPABILITIES]: Attempting to automatically register: Lnet/minecraftforge/fluids/capability/IFluidHandler;
[27Feb2026 02:36:20.586] [main/DEBUG] [net.minecraftforge.common.capabilities.CapabilityManager/CAPABILITIES]: Attempting to automatically register: Lnet/minecraftforge/fluids/capability/IFluidHandlerItem;
[27Feb2026 02:36:20.586] [main/DEBUG] [net.minecraftforge.common.capabilities.CapabilityManager/CAPABILITIES]: Attempting to automatically register: Lnet/minecraftforge/items/IItemHandler;
[27Feb2026 02:36:20.949] [main/DEBUG] [net.minecraftforge.fml.config.ConfigTracker/CONFIG]: Loading configs type COMMON
[27Feb2026 02:36:20.951] [main/DEBUG] [net.minecraftforge.fml.config.ConfigFileTypeHandler/CONFIG]: Built TOML config for /workspaces/UniversoTherianer/servidor_minecraft/config/travelersbackpack-common.toml
[27Feb2026 02:36:20.952] [main/DEBUG] [net.minecraftforge.fml.config.ConfigFileTypeHandler/CONFIG]: Loaded TOML config file /workspaces/UniversoTherianer/servidor_minecraft/config/travelersbackpack-common.toml
[27Feb2026 02:36:20.958] [main/DEBUG] [net.minecraftforge.fml.config.ConfigFileTypeHandler/CONFIG]: Watching TOML config file /workspaces/UniversoTherianer/servidor_minecraft/config/travelersbackpack-common.toml for changes
[27Feb2026 02:36:20.963] [Thread-0/DEBUG] [net.minecraftforge.fml.config.ConfigFileTypeHandler/CONFIG]: Config file travelersbackpack-common.toml changed, sending notifies
[27Feb2026 02:36:20.964] [modloading-worker-0/INFO] [voicechat/]: [voicechat] Compatibility version 20
[27Feb2026 02:36:20.984] [Forge Version Check/INFO] [net.minecraftforge.fml.VersionChecker/]: [voicechat] Starting version check at https://update.maxhenkel.de/forge/voicechat
[27Feb2026 02:36:21.036] [modloading-worker-0/INFO] [voicechat/]: [voicechat] Loading plugins
[27Feb2026 02:36:21.039] [modloading-worker-0/INFO] [voicechat/]: [voicechat] Loaded 0 plugin(s)
[27Feb2026 02:36:21.039] [modloading-worker-0/INFO] [voicechat/]: [voicechat] Initializing plugins
[27Feb2026 02:36:21.040] [modloading-worker-0/INFO] [voicechat/]: [voicechat] Initialized 0 plugin(s)
[27Feb2026 02:36:21.052] [main/DEBUG] [net.minecraftforge.fml.DeferredWorkQueue/LOADING]: Dispatching synchronous work for work queue COMMON_SETUP: 2 jobs
[27Feb2026 02:36:21.075] [main/INFO] [com.tiviacz.travelersbackpack.TravelersBackpack/]: Registered the FluidEffect with Unique ID of minecraft:water for Water (Fluid Amount Required: 1000) with the ID 0
[27Feb2026 02:36:21.076] [main/INFO] [com.tiviacz.travelersbackpack.TravelersBackpack/]: Registered the FluidEffect with Unique ID of minecraft:lava for Lava (Fluid Amount Required: 1000) with the ID 1
[27Feb2026 02:36:21.078] [main/INFO] [com.tiviacz.travelersbackpack.TravelersBackpack/]: Registered the FluidEffect with Unique ID of travelersbackpack:potion for Uncraftable Potion (Fluid Amount Required: 250) with the ID 2
[27Feb2026 02:36:21.078] [main/INFO] [com.tiviacz.travelersbackpack.TravelersBackpack/]: Registered the FluidEffect with Unique ID of minecraft:milk for Milk (Fluid Amount Required: 1000) with the ID 3
[27Feb2026 02:36:21.080] [main/DEBUG] [net.minecraftforge.fml.DeferredWorkQueue/LOADING]: Synchronous work queue completed in 25.78 ms
[27Feb2026 02:36:21.903] [Forge Version Check/DEBUG] [net.minecraftforge.fml.VersionChecker/]: [voicechat] Received version check data:
{"1.21":{"1.21-2.5.20":"Added Vietnamese translation"},"1.20":{"1.20-2.4.9":"Fixed group not getting deleted when disconnecting\nFixed group in LeaveGroupEvent always null\nFixed builtin resource pack format version"},"1.18":{"1.18-2.1.17":"Updated Forge\nFixed sound physics compatibility","1.18-2.1.22":"Fixed untranslated command feedback"},"1.19":{"1.19-2.4.8":"Added audio senders to the voice chat API"},"1.21.11":{"1.21.11-2.6.12":"Fixed incorrect entry in Simplified Chinese translation\nFixed OpenAL context destroy event potentially being fired multiple times\nFixed crash when opening LAN world\nFixed keybinds not applied properly from the voice chat settings screen"},"1.21.10":{"1.21.10-2.6.12":"Fixed incorrect entry in Simplified Chinese translation\nFixed OpenAL context destroy event potentially being fired multiple times"},"1.21.7":{"1.21.7-2.5.34":"Updated German translation"},"1.21.6":{"1.21.6-2.5.32":"Added \"Default microphone\" and \"Default speaker\" options\nFixed antivirus software detecting the jar as a trojan (This was a false positive)"},"1.21.9":{"1.21.9-2.6.4":"Updated to 1.21.9"},"1.21.8":{"1.21.8-2.6.12":"Fixed incorrect entry in Simplified Chinese translation\nFixed OpenAL context destroy event potentially being fired multiple times"},"1.20.4":{"1.20.4-2.5.22":"Updated Traditional Chinese translation\nAdded Portuguese translation\nUpdated Ukrainian translation","1.20.4-2.4.32":"Fixed compatibility with Sound Physics Remastered\nUpdated French translation"},"1.21.3":{"1.21.3-2.5.31":"Improved handling of invalid bind addresses\nFixed bind_address being used in LAN worlds\nUpdated Swedish translation"},"promos":{"1.18.1-latest":"1.18.1-2.2.52","1.21.4-latest":"1.21.4-2.6.12","1.21.3-latest":"1.21.3-2.5.31","1.18.2-latest":"1.18.2-2.6.12","1.19.3-recommended":"1.19.3-2.4.11","1.20-recommended":"1.20-2.4.9","1.19.1-recommended":"1.19.1-2.4.8","1.21.5-latest":"1.21.5-2.6.12","1.21.1-latest":"1.21.1-2.6.12","1.21.6-latest":"1.21.6-2.5.32","1.12.2-latest":"1.12.2-2.6.12","1.19.4-recommended":"1.19.4-2.4.32","1.12.2-recommended":"1.12.2-2.6.6","1.19-latest":"1.19-2.4.8","1.17.1-recommended":"1.17.1-2.4.32","1.19.2-recommended":"1.19.2-2.6.6","1.21.9-latest":"1.21.9-2.6.4","1.18-latest":"1.18-2.1.22","1.21.8-latest":"1.21.8-2.6.12","1.20.4-recommended":"1.20.4-2.4.32","1.21.7-latest":"1.21.7-2.5.34","1.21-latest":"1.21-2.5.20","1.16.5-recommended":"1.16.5-2.6.6","1.16.4-recommended":"1.16.4-1.1.7","1.20.1-recommended":"1.20.1-2.6.6","1.16.3-recommended":"1.16.3-1.0.1","1.15.2-latest":"1.15.2-1.0.2","1.20.2-recommended":"1.20.2-2.4.32","1.20-latest":"1.20-2.4.9","1.18.2-recommended":"1.18.2-2.6.6","1.17.1-latest":"1.17.1-2.5.12","1.21.11-latest":"1.21.11-2.6.12","1.21.10-latest":"1.21.10-2.6.12","1.18.1-recommended":"1.18.1-2.2.52","1.20.1-latest":"1.20.1-2.6.12","1.16.3-latest":"1.16.3-1.0.1","1.20.2-latest":"1.20.2-2.5.12","1.16.4-latest":"1.16.4-1.1.7","1.19.2-latest":"1.19.2-2.6.12","1.19.4-latest":"1.19.4-2.5.12","1.19.3-latest":"1.19.3-2.4.11","1.16.5-latest":"1.16.5-2.6.12","1.19-recommended":"1.19-2.4.8","1.18-recommended":"1.18-2.1.17","1.15.2-recommended":"1.15.2-1.0.2","1.20.4-latest":"1.20.4-2.5.22","1.19.1-latest":"1.19.1-2.4.8","1.20.6-latest":"1.20.6-2.5.22"},"1.20.6":{"1.20.6-2.5.22":"Updated Traditional Chinese translation\nAdded Portuguese translation\nUpdated Ukrainian translation"},"1.21.5":{"1.21.5-2.6.12":"Fixed incorrect entry in Simplified Chinese translation\nFixed OpenAL context destroy event potentially being fired multiple times"},"1.21.4":{"1.21.4-2.6.12":"Fixed incorrect entry in Simplified Chinese translation\nFixed OpenAL context destroy event potentially being fired multiple times"},"1.20.2":{"1.20.2-2.4.32":"Fixed compatibility with Sound Physics Remastered\nUpdated French translation","1.20.2-2.5.12":"Improved cloth config GUI translations"},"1.21.1":{"1.21.1-2.6.12":"Fixed incorrect entry in Simplified Chinese translation\nFixed OpenAL context destroy event potentially being fired multiple times"},"1.20.1":{"1.20.1-2.6.12":"Fixed incorrect entry in Simplified Chinese translation\nFixed OpenAL context destroy event potentially being fired multiple times","1.20.1-2.6.6":"Fixed filters not working for static audio channels"},"1.16.4":{"1.16.4-1.1.7":"Fixed ConcurrentModificationException when client times out"},"1.19.1":{"1.19.1-2.4.8":"Added audio senders to the voice chat API"},"1.18.2":{"1.18.2-2.6.6":"Fixed filters not working for static audio channels","1.18.2-2.6.12":"Fixed incorrect entry in Simplified Chinese translation\nFixed OpenAL context destroy event potentially being fired multiple times"},"1.16.5":{"1.16.5-2.6.12":"Fixed incorrect entry in Simplified Chinese translation\nFixed OpenAL context destroy event potentially being fired multiple times\nFixed nameplate render event being fired multiple times","1.16.5-2.6.6":"Fixed filters not working for static audio channels"},"1.19.2":{"1.19.2-2.6.12":"Fixed incorrect entry in Simplified Chinese translation\nFixed OpenAL context destroy event potentially being fired multiple times","1.19.2-2.6.6":"Fixed filters not working for static audio channels"},"1.19.3":{"1.19.3-2.4.11":"Added config accessors to the API"},"1.19.4":{"1.19.4-2.4.32":"Fixed compatibility with Sound Physics Remastered\nUpdated French translation","1.19.4-2.5.12":"Improved cloth config GUI translations"},"1.15.2":{"1.15.2-1.0.2":"Fix crash on servers"},"1.17.1":{"1.17.1-2.4.32":"Fixed compatibility with Sound Physics Remastered\nUpdated French translation","1.17.1-2.5.12":"Improved cloth config GUI translations"},"1.16.3":{"1.16.3-1.0.1":"Fixed voice chat not working on servers with port"},"1.18.1":{"1.18.1-2.2.52":"Improved service loader compatibility\nFixed issues with QuestCraft\nFixed disconnected state being controlled by the client"},"1.12.2":{"1.12.2-2.6.12":"Fixed incorrect entry in Simplified Chinese translation","1.12.2-2.6.6":"Fixed filters not working for static audio channels"},"homepage":"https://modrepo.de/minecraft/voicechat"}
[27Feb2026 02:36:21.905] [Forge Version Check/INFO] [net.minecraftforge.fml.VersionChecker/]: [voicechat] Found status: AHEAD Current: 1.20.1-2.6.12 Target: null
[27Feb2026 02:36:21.907] [Forge Version Check/INFO] [net.minecraftforge.fml.VersionChecker/]: [forge] Starting version check at https://files.minecraftforge.net/net/minecraftforge/forge/promotions_slim.json
[27Feb2026 02:36:22.049] [Forge Version Check/DEBUG] [net.minecraftforge.fml.VersionChecker/]: [forge] Received version check data:
{
  "homepage": "https://files.minecraftforge.net/net/minecraftforge/forge/",
  "promos": {
    "1.1-latest": "1.3.4.29",
    "1.2.3-latest": "1.4.1.64",
    "1.2.4-latest": "2.0.0.68",
    "1.2.5-latest": "3.4.9.171",
    "1.3.2-latest": "4.3.5.318",
    "1.4.0-latest": "5.0.0.326",
    "1.4.1-latest": "6.0.0.329",
    "1.4.2-latest": "6.0.1.355",
    "1.4.3-latest": "6.2.1.358",
    "1.4.4-latest": "6.3.0.378",
    "1.4.5-latest": "6.4.2.448",
    "1.4.6-latest": "6.5.0.489",
    "1.4.7-latest": "6.6.2.534",
    "1.5-latest": "7.7.0.598",
    "1.5.1-latest": "7.7.2.682",
    "1.5.2-latest": "7.8.1.738",
    "1.5.2-recommended": "7.8.1.738",
    "1.6.1-latest": "8.9.0.775",
    "1.6.2-latest": "9.10.1.871",
    "1.6.2-recommended": "9.10.1.871",
    "1.6.3-latest": "9.11.0.878",
    "1.6.4-latest": "9.11.1.1345",
    "1.6.4-recommended": "9.11.1.1345",
    "1.7.2-latest": "10.12.2.1161",
    "1.7.2-recommended": "10.12.2.1161",
    "1.7.10-latest": "10.13.4.1614",
    "1.7.10-recommended": "10.13.4.1614",
    "1.8-latest": "11.14.4.1577",
    "1.8-recommended": "11.14.4.1563",
    "1.8.8-latest": "11.15.0.1655",
    "1.8.9-latest": "11.15.1.2318",
    "1.8.9-recommended": "11.15.1.2318",
    "1.9-latest": "12.16.1.1938",
    "1.9-recommended": "12.16.1.1887",
    "1.9.4-latest": "12.17.0.2317",
    "1.9.4-recommended": "12.17.0.2317",
    "1.10-latest": "12.18.0.2000",
    "1.10.2-latest": "12.18.3.2511",
    "1.10.2-recommended": "12.18.3.2511",
    "1.11-latest": "13.19.1.2199",
    "1.11-recommended": "13.19.1.2189",
    "1.11.2-latest": "13.20.1.2588",
    "1.11.2-recommended": "13.20.1.2588",
    "1.12-latest": "14.21.1.2443",
    "1.12-recommended": "14.21.1.2387",
    "1.12.1-latest": "14.22.1.2485",
    "1.12.1-recommended": "14.22.1.2478",
    "1.12.2-latest": "14.23.5.2864",
    "1.12.2-recommended": "14.23.5.2859",
    "1.13.2-latest": "25.0.223",
    "1.14.2-latest": "26.0.63",
    "1.14.3-latest": "27.0.60",
    "1.14.4-latest": "28.2.28",
    "1.14.4-recommended": "28.2.26",
    "1.15-latest": "29.0.4",
    "1.15.1-latest": "30.0.51",
    "1.15.2-latest": "31.2.60",
    "1.15.2-recommended": "31.2.57",
    "1.16.1-latest": "32.0.108",
    "1.16.2-latest": "33.0.61",
    "1.16.3-latest": "34.1.42",
    "1.16.3-recommended": "34.1.0",
    "1.16.4-latest": "35.1.37",
    "1.16.4-recommended": "35.1.4",
    "1.16.5-latest": "36.2.42",
    "1.16.5-recommended": "36.2.34",
    "1.17.1-latest": "37.1.1",
    "1.17.1-recommended": "37.1.1",
    "1.18-latest": "38.0.17",
    "1.18.1-latest": "39.1.2",
    "1.18.1-recommended": "39.1.0",
    "1.18.2-recommended": "40.3.0",
    "1.18.2-latest": "40.3.12",
    "1.19-latest": "41.1.0",
    "1.19-recommended": "41.1.0",
    "1.19.1-latest": "42.0.9",
    "1.19.2-recommended": "43.5.0",
    "1.19.2-latest": "43.5.2",
    "1.19.3-latest": "44.1.23",
    "1.19.3-recommended": "44.1.0",
    "1.19.4-recommended": "45.4.0",
    "1.19.4-latest": "45.4.3",
    "1.20-latest": "46.0.14",
    "1.20.1-recommended": "47.4.10",
    "1.20.1-latest": "47.4.16",
    "1.20.2-latest": "48.1.0",
    "1.20.2-recommended": "48.1.0",
    "1.20.3-latest": "49.0.2",
    "1.20.4-latest": "49.2.4",
    "1.20.4-recommended": "49.2.0",
    "1.20.6-latest": "50.2.4",
    "1.20.6-recommended": "50.2.0",
    "1.21-latest": "51.0.33",
    "1.21.1-latest": "52.1.10",
    "1.21.1-recommended": "52.1.0",
    "1.21.3-latest": "53.1.7",
    "1.21.3-recommended": "53.1.0",
    "1.21.4-latest": "54.1.13",
    "1.21.4-recommended": "54.1.0",
    "1.21.5-latest": "55.1.7",
    "1.21.5-recommended": "55.1.0",
    "1.21.6-latest": "56.0.9",
    "1.21.7-latest": "57.0.3",
    "1.21.8-latest": "58.1.14",
    "1.21.8-recommended": "58.1.0",
    "1.21.9-latest": "59.0.5",
    "1.21.10-latest": "60.1.8",
    "1.21.10-recommended": "60.1.0",
    "1.21.11-latest": "61.1.1",
    "1.21.11-recommended": "61.1.0"
  }
}
[27Feb2026 02:36:22.050] [Forge Version Check/INFO] [net.minecraftforge.fml.VersionChecker/]: [forge] Found status: AHEAD Current: 47.4.16 Target: null
[27Feb2026 02:36:22.050] [Forge Version Check/INFO] [net.minecraftforge.fml.VersionChecker/]: [travelersbackpack] Starting version check at https://gist.githubusercontent.com/Tiviacz1337/906937677aa472285dff9d6c2a189d5e/raw
[27Feb2026 02:36:22.088] [Forge Version Check/DEBUG] [net.minecraftforge.fml.VersionChecker/]: [travelersbackpack] Received version check data:
{ 
        "homepage": "https://www.curseforge.com/minecraft/mc-mods/travelers-backpack", 
        "promos": {
		"1.20.4-recommended": "9.4.2",
		"1.20.4-latest": "9.4.2",
		"1.20.2-recommended": "9.2.4",
		"1.20.2-latest": "9.2.4",
		"1.20.1-recommended": "9.1.16",
		"1.20.1-latest": "9.1.16",
		"1.20-recommended": "9.0.2",
		"1.20-latest": "9.0.2",
		"1.19.4-recommended": "8.4.20",
		"1.19.4-latest": "8.4.20",
		"1.19.3-recommended": "8.3.9",
		"1.19.3-latest": "8.3.9",
		"1.19.2-recommended": "8.2.40",
		"1.19.2-latest": "8.2.40",
		"1.19.1-recommended": "8.1.1",
		"1.19.1-latest": "8.1.1",
		"1.19-recommended": "8.0.8",
		"1.19-latest": "8.0.8",
		"1.18.2-recommended": "7.1.48",
		"1.18.2-latest": "7.1.48",
		"1.18.1-recommended": "7.0.4",
		"1.18.1-latest": "7.0.5",
		"1.17.1-recommended": "6.0.52",
		"1.17.1-latest": "6.0.52",
		"1.16.5-recommended": "5.4.51",
		"1.16.5-latest": "5.4.51",
		"1.16.4-recommended": "5.3.8",
		"1.16.4-latest": "5.3.8",
		"1.16.3-recommended": "5.2.1",
		"1.16.3-latest": "5.2.1",
		"1.16.2-recommended": "5.1.1",
		"1.16.2-latest": "5.1.1",
		"1.16.1-recommended": "5.0.1",
		"1.16.1-latest": "5.0.1",
		"1.15.2-recommended": "4.0.8",
		"1.15.2-latest": "4.0.8",
		"1.14.4-recommended": "3.0.8",
		"1.14.4-latest": "3.0.8",
                "1.12.2-recommended": "1.0.34",
		"1.12.2-latest": "1.0.34"
        }, 
        "1.12.2": {
			"0.0.3a": "Added sleeping bag",
			"0.0.4a": "Added ability to wear backpack on player's back!",
			"0.0.5a": "Implemented swapping between tools!",
			"0.0.6a": "Added missing recipe for sleeping bag",
			"0.0.7a": "Fixes for server",
			"0.0.8a": "Added backpack renderer on player's back!",
			"0.0.9a": "Added tools render on backpack",
			"0.1.0a": "Fixed tile entity data loading",
			"0.1.1a": "Added hose, bug fixes",
			"0.1.2a": "Fixed server crash",
			"0.1.3a": "Added more backpack types!",
			"0.1.4a": "Added fluid render to block and wearable model",
			"0.1.5a": "Fixed some bugs and added more custom backpacks",
			"0.1.6a": "Added potions as fluids!",
			"0.1.7a": "Fixed rendering-thing on server",
			"0.1.8a": "Fixed some minor issues",
			"1.0.19.19": "First beta release",
			"1.0.20.20": "Mainly bug fixes",
			"1.0.21.21": "Bug fixes",
			"1.0.22.22": "Added backpack abilities",
			"1.0.23.23": "Bug fixes",
			"1.0.24.24": "Bug fixes",
			"1.0.25.25": "Bug fixes",
			"1.0.26.26": "Fixed NPE",
			"1.0.27": "Capability code clean-up, bug fix",
			"1.0.28": "Mod ID change, see note in 1.0.28 on the site",
			"1.0.29": "Mod ID change, see note in 1.0.29 on the site",
			"1.0.30": "Bug fixes, standard backpack texture improvements",
			"1.0.31": "Fixed bug that causes buckets to dissapear",
			"1.0.32": "Added in-game warning about modid change and method to keep backpacks after updating to newer version",
			"1.0.33": "Fixed backpack dissapear in explosions",
			"1.0.34": "Mainly bug fixes",
			"1.0.35": "Misc bug fixes"
        },
	"1.14.4":  { 
			"3.0.7": "Initial port",
			"3.0.8": "Compatibility for modded tools"
	},
	"1.15.2":  {
      			"4.0.0": "Initial port",
			"4.0.1": "FPS bug fix",
			"4.0.2": "Fixed unwanted backpack placement after death",
			"4.0.3": "Fixed NPE while using sleeping bag",
			"4.0.4": "Fixed crash, updated few textures",
			"4.0.5": "Bug fixes",
			"4.0.6": "Fixed backpack dissapear in explosions",
			"4.0.7": "Keybind for tool cycle",
			"4.0.8": "Compatibility for modded tools"
	},
	"1.16.1":  { 
			"5.0.0": "Initial port",
			"5.0.1": "Fixed backpack not saving contents, compatibility for modded tools"
	},
	"1.16.2":  { 
			"5.1.0": "Initial port",
			"5.1.1": "Fixed server crashes, backpack not saving contents, compatibility for modded tools"
	},
	"1.16.3":  { 
			"5.2.1": "Initial port"
	},
	"1.16.4":  { 
			"5.3.1": "Initial port",
			"5.3.2": "Bug fixes, game-breaking change",
			"5.3.3": "A lot of bug fixes",
			"5.3.4": "Dupe bug fix",
			"5.3.5": "Curios integration",
			"5.3.6": "Crafting grid dupe bug fix",
			"5.3.7": "Crash fix, curiosIntegration option migration",
			"5.3.8": "Fixed item saving bug"
	},
	"1.16.5":  { 
			"5.3.8": "Fixed item saving bug",
			"5.4.0": "Few new custom backpacks",
			"5.4.1": "Fixed villager trades",
			"5.4.2": "Fixed crash with turkish language and small tweaks",
			"5.4.3": "Fixed dupe bug",
			"5.4.4": "JEI dupe bug fix and more",
			"5.4.5": "Dyeable backpacks update! :>",
			"5.4.6": "More backpacks and bug fixes",
			"5.4.7": "Exploit and bug fixes",
			"5.4.8": "Fixed spawn point setting",
			"5.4.9": "20 new backpacks",
			"5.4.10": "Added backpack abilties",
			"5.4.11": "Code cleanup",
			"5.4.12": "Fixed crash",
			"5.4.13": "Added sorting buttons",
			"5.4.14": "Fixed LAN crash",
			"5.4.15": "Fixed few bugs",
			"5.4.16": "Fixed crash",
			"5.4.17": "Fixed bugs",
			"5.4.18": "Fixed crash",
			"5.4.19": "Fixed curio dupe bug",
			"5.4.20": "Added 9 new abilities",
			"5.4.21": "Added too many backpacks slowness effect",
			"5.4.22": "Fixed abilities",
			"5.4.23": "Added colorable sleeping bags",
			"5.4.24": "Bug fixes",
			"5.4.25": "Added slot memory",
			"5.4.26": "Added dedicated settings menu",
			"5.4.28": "Added milk and milk effect",
			"5.4.29": "Mobs can spawn with backpack equipped",
			"5.4.31": "Added /restore command",
			"5.4.32": "Added void protection config option",
			"5.4.33": "Fixed bad coded coordinates",
			"5.4.35": "Tweaked config and commands",
			"5.4.36": "Added backpack tiers",
			"5.4.37": "Changed tier upgrades recipes",
			"5.4.38": "Added enableTierUpgrades config option",
			"5.4.39": "Added Crafting widget",
			"5.4.40": "Fixed dupe bug",
			"5.4.41": "Backpack can be placed in fluids after death",
			"5.4.42": "Added compat with gravestone mods",
			"5.4.43": "Tweaked some recipes",
			"5.4.44": "Misc",
			"5.4.45": "Misc",
			"5.4.46": "Misc",
			"5.4.47": "Added tool slots widget",
			"5.4.48": "Fixed few bugs",
			"5.4.49": "Shift + Right Click with Empty Hand allows to place backpack on the ground",
			"5.4.50": "Sleeping bag can be used without backpack",
			"5.4.51": "Added loot to chests and fixed bugs"
	},
	"1.17.1":  { 
			"6.0.0": "Initial Release",
			"6.0.1": "Fixed datapack issue",
			"6.0.2": "Fixed crash with newest Forge",
			"6.0.3": "Fixed backpack disappearing on death",
			"6.0.4": "JEI integration and more",
			"6.0.5": "Dyeable backpacks update! :>",
			"6.0.6": "More backpacks and bug fixes",
			"6.0.7": "Fixed significant FPS drop",
			"6.0.8": "Fixed dupe bug",
			"6.0.9": "Fixed spawn point setting",
			"6.0.10": "20 new backpacks",
			"6.0.11": "Added backpack abilties",
			"6.0.12": "Code cleanup",
			"6.0.13": "Fixed crash",
			"6.0.14": "Added sorting buttons",
			"6.0.15": "Fixed LAN crash",
			"6.0.16": "Fixed few bugs",
			"6.0.17": "Fixed crash",
			"6.0.18": "Fixed bugs",
			"6.0.19": "Fixed crash",
			"6.0.20": "Fixed curio dupe bug",
			"6.0.21": "Added 9 new abilities",
			"6.0.22": "Added too many backpacks slowness effect",
			"6.0.23": "Fixed abilities",
			"6.0.24": "Added colorable sleeping bags",
			"6.0.25": "Bug fixes",
			"6.0.26": "Added slot memory",
			"6.0.27": "Added dedicated settings menu",
			"6.0.29": "Added milk and milk effect",
			"6.0.30": "Mobs can spawn with backpack equipped",
			"6.0.32": "Added /restore command",
			"6.0.33": "Added void protection config option",
			"6.0.34": "Fixed bad coded coordinates",
			"6.0.36": "Tweaked config and commands",
			"6.0.37": "Added backpack Tiers",
			"6.0.38": "Changed tier upgrades recipes",
			"6.0.39": "Added enableTierUpgrades config option",
			"6.0.40": "Added Crafting widget",
			"6.0.41": "Fixed dupe bug",
			"6.0.42": "Backpack can be placed in fluids after death",
			"6.0.43": "Added compat with gravestone mods",
			"6.0.44": "Added inventory tooltip in preview",
			"6.0.45": "Misc",
			"6.0.46": "Misc",
			"6.0.47": "Misc",
			"6.0.48": "Added tool slots widget",
			"6.0.49": "Fixed few bugs",
			"6.0.50": "Shift + Right Click with Empty Hand allows to place backpack on the ground",
			"6.0.51": "Sleeping bag can be used without backpack",
			"6.0.52": "Added loot to chests and fixed bugs"
	},
	"1.18.1":  { 
			"7.0.0": "Initial Release",
			"7.0.1": "Backpack lose items bug fix",
			"7.0.2": "New backpacks",
			"7.0.3": "Fixed dupe bug",
			"7.0.4": "Fixed spawn point setting"
	},
	"1.18.2":  { 
			"7.1.0": "Initial Release",
			"7.1.1": "Fixed spawn point setting",
			"7.1.2": "20 new backpacks",
			"7.1.3": "Added backpack abilties",
			"7.1.4": "Code cleanup",
			"7.1.5": "Fixed bug with duplicating buckets",
			"7.1.6": "Fixed crash",
			"7.1.7": "Added sorting buttons",
			"7.1.8": "Fixed LAN crash",
			"7.1.9": "Fixed few bugs",
			"7.1.10": "Fixed crash",
			"7.1.11": "Fixed bugs",
			"7.1.12": "Fixed crash",
			"7.1.13": "Fixed curio dupe bug",
			"7.1.14": "Added 9 new abilities",
			"7.1.15": "Added too many backpacks slowness effect",
			"7.1.16": "Fixed abilities",
			"7.1.17": "Added colorable sleeping bags",
			"7.1.18": "Bug fixes",
			"7.1.20": "Added slot memory",
			"7.1.21": "Added dedicated settings menu",
			"7.1.23": "Added milk and milk effect",
			"7.1.24": "Mobs can spawn with backpack equipped",
			"7.1.26": "Added /restore command",
			"7.1.27": "Added void protection config option",
			"7.1.28": "Fixed bad coded coordinates",
			"7.1.30": "Tweaked config and commands",
			"7.1.31": "Added backpack Tiers",
			"7.1.32": "Changed tier upgrades recipes",
			"7.1.33": "Added enableTierUpgrades config option",
			"7.1.34": "Added Crafting widget",
			"7.1.35": "Fixed dupe bug",
			"7.1.36": "Backpack can be placed in fluids after death",
			"7.1.37": "Added compat with gravestone mods",
			"7.1.38": "Added inventory preview in tooltip",
			"7.1.39": "Misc",
			"7.1.40": "Misc",
			"7.1.41": "Misc",
			"7.1.42": "Added tool slots widget",
			"7.1.43": "Fixed few bugs",
			"7.1.44": "Shift + Right Click with Empty Hand allows to place backpack on the ground",
			"7.1.45": "Sleeping bag can be used without backpack",
			"7.1.46": "Added loot to chests and fixed bugs",
			"7.1.47": "Configuration for backpack slots",
			"7.1.48": "Added recipes to recipe book"
			
	},
	"1.19":  { 
			"8.0.0": "Initial Release",
			"8.0.1": "Fixed crashes",
			"8.0.2": "20 new backpacks",
			"8.0.3": "Added backpack abilties",
			"8.0.4": "Updated Forge",
			"8.0.5": "Fixed few bugs",
			"8.0.6": "Code cleanup",
			"8.0.7": "Fixed crash",
			"8.0.8": "Added sorting buttons"
	},
	"1.19.1":  { 
			"8.1.0": "Initial Release",
			"8.1.1": "Fixed LAN crash"
	},
	"1.19.2":  { 
			"8.2.0": "Initial Release",
			"8.2.1": "Fixed few bugs",
			"8.2.2": "Fixed crash",
			"8.2.3": "Fixed bugs",
			"8.2.4": "Fixed crash",
			"8.2.5": "Fixed curio dupe bug",
			"8.2.6": "Added 9 new abilities",
			"8.2.7": "Added too many backpacks slowness effect",
			"8.2.8": "Fixed abilities",
			"8.2.9": "Added colorable sleeping bags",
			"8.2.10": "Bug fixes",
			"8.2.11": "Added slot memory",
			"8.2.12": "Added dedicated settings menu",
			"8.2.14": "Added milk and milk effect",
			"8.2.15": "Mobs can spawn with backpack equipped",
			"8.2.17": "Added /restore command",
			"8.2.18": "Added void protection config option",
			"8.2.19": "Fixed bad coded coordinates",
			"8.2.21": "Tweaked config and commands",
			"8.2.22": "Added backpack tiers",
			"8.2.23": "Changed tier upgrades recipes",
			"8.2.24": "Missing texture hotfix",
			"8.2.25": "Added enableTierUpgrades config option",
			"8.2.26": "Added Crafting widget",
			"8.2.27": "Fixed dupe bug",
			"8.2.28": "Backpack can be placed in fluids after death",
			"8.2.29": "Added compat with gravestone mods",
			"8.2.30": "Added inventory preview in tooltip",
			"8.2.31": "Misc",
			"8.2.32": "Misc",
			"8.2.33": "Misc",
			"8.2.34": "Added tool slots widget",
			"8.2.35": "Fixed few bugs",
			"8.2.36": "Shift + Right Click with Empty Hand allows to place backpack on the ground",
			"8.2.37": "Sleeping bag can be used without backpack",
			"8.2.38": "Added loot to chests and fixed bugs",
			"8.2.39": "Configuration for backpack slots",
			"8.2.40": "Added recipes to recipe book"
	},
	"1.19.3":  { 
			"8.3.0": "Initial Release",
			"8.3.2": "Added milk and milk effect",
			"8.3.3": "Mobs can spawn with backpack equipped",
			"8.3.5": "Added /restore command",
			"8.2.6": "Added void protection config option",
			"8.2.7": "Fixed bad coded coordinates",
			"8.2.9": "Tweaked config and commands"
	},
	"1.19.4":  { 
			"8.4.2": "Tweaked config and commands",
			"8.4.3": "Added backpack tiers",
			"8.4.4": "Changed tier upgrades recipes",
			"8.4.5": "Added enableTierUpgrades config option",
			"8.4.6": "Added support for new smithing table",
			"8.4.7": "Added support for new smithing table",
			"8.4.8": "Added Crafting widget",
			"8.4.9": "Fixed dupe bug",
			"8.4.10": "Backpack can be placed in fluids after death",
			"8.4.11": "Added compat with gravestone mods",
			"8.4.12": "Added inventory preview in tooltip",
			"8.4.13": "Misc",
			"8.4.14": "Misc",
			"8.4.15": "Misc",
			"8.4.16": "Added tool slots widget",
			"8.4.17": "Fixed few bugs",
			"8.4.18": "Shift + Right Click with Empty Hand allows to place backpack on the ground",
			"8.4.19": "Sleeping bag can be used without backpack",
			"8.4.20": "Added loot to chests and fixed bugs"
	},
	"1.20":  { 
			"9.0.0": "Initial update",
			"9.0.1": "Fixed disappearing backpack on contact with water",
			"9.0.2": "Fixed smithing bug and restored Curios compat"
	},
	"1.20.1":  { 
			"9.1.0": "Initial update",
			"9.1.1": "Initial update",
			"9.1.2": "Fixed dupe bug",
			"9.1.3": "Added compat with gravestone mods",
			"9.1.4": "Added inventory preview in tooltip",
			"9.1.5": "Misc",
			"9.1.6": "Misc",
			"9.1.7": "Misc",
			"9.1.8": "Added tool slots widget",
			"9.1.9": "Fixed few bugs",
			"9.1.10": "Shift + Right Click with Empty Hand allows to place backpack on the ground",
			"9.1.11": "Sleeping bag can be used without backpack",
			"9.1.12": "Configuration for backpack slots",
			"9.1.13": "Added loot to chests and fixed bugs",
			"9.1.14": "Added recipes to recipe book",
			"9.1.15": "Improvements",
			"9.1.16": "Stopped excessive drops of backpack from mob farms, added visibility button, fixed some bugs"
	},
	"1.20.2":  { 
			"9.2.0": "Initial update",
			"9.2.1": "Fixed few bugs",
			"9.2.2": "Shift + Right Click with Empty Hand allows to place backpack on the ground",
			"9.2.3": "Sleeping bag can be used without backpack",
			"9.2.4": "Added loot to chests and fixed bugs"
	},
	"1.20.4":  { 
			"9.4.0": "Initial update",
			"9.4.1": "Configuration for backpack slots",
			"9.4.2": "Added recipes to recipe book"
	}
}
[27Feb2026 02:36:22.090] [Forge Version Check/INFO] [net.minecraftforge.fml.VersionChecker/]: [travelersbackpack] Found status: AHEAD Current: 9.1.39 Target: null
[27Feb2026 02:36:22.321] [main/INFO] [com.mojang.authlib.yggdrasil.YggdrasilAuthenticationService/]: Environment: authHost='https://authserver.mojang.com', accountsHost='https://api.mojang.com', sessionHost='https://sessionserver.mojang.com', servicesHost='https://api.minecraftservices.com', name='PROD'
[27Feb2026 02:36:22.997] [main/WARN] [net.minecraft.server.packs.VanillaPackResourcesBuilder/]: Assets URL 'union:/workspaces/UniversoTherianer/servidor_minecraft/libraries/net/minecraft/server/1.20.1-20230612.114412/server-1.20.1-20230612.114412-srg.jar%23115!/assets/.mcassetsroot' uses unexpected schema
[27Feb2026 02:36:22.997] [main/WARN] [net.minecraft.server.packs.VanillaPackResourcesBuilder/]: Assets URL 'union:/workspaces/UniversoTherianer/servidor_minecraft/libraries/net/minecraft/server/1.20.1-20230612.114412/server-1.20.1-20230612.114412-srg.jar%23115!/data/.mcassetsroot' uses unexpected schema
[27Feb2026 02:36:23.035] [main/DEBUG] [net.minecraftforge.server.ServerLifecycleHooks/CORE]: Generating PackInfo named mod:voicechat for mod file /workspaces/UniversoTherianer/servidor_minecraft/mods/voicechat-forge-1.20.1-2.6.12.jar
[27Feb2026 02:36:23.035] [main/DEBUG] [net.minecraftforge.server.ServerLifecycleHooks/CORE]: Generating PackInfo named mod:dungeons_arise_seven_seas for mod file /workspaces/UniversoTherianer/servidor_minecraft/mods/DungeonsAriseSevenSeas-1.20.x-1.0.2-forge.jar
[27Feb2026 02:36:23.035] [main/DEBUG] [net.minecraftforge.server.ServerLifecycleHooks/CORE]: Generating PackInfo named mod:forge for mod file /workspaces/UniversoTherianer/servidor_minecraft/libraries/net/minecraftforge/forge/1.20.1-47.4.16/forge-1.20.1-47.4.16-universal.jar
[27Feb2026 02:36:23.035] [main/DEBUG] [net.minecraftforge.server.ServerLifecycleHooks/CORE]: Generating PackInfo named mod:jet_and_elias_armors for mod file /workspaces/UniversoTherianer/servidor_minecraft/mods/jet_and_elias_armors-1.4-1.20.1-CF.jar
[27Feb2026 02:36:23.036] [main/DEBUG] [net.minecraftforge.server.ServerLifecycleHooks/CORE]: Generating PackInfo named mod:bossominium for mod file /workspaces/UniversoTherianer/servidor_minecraft/mods/bossominium-18.6.jar
[27Feb2026 02:36:23.036] [main/DEBUG] [net.minecraftforge.server.ServerLifecycleHooks/CORE]: Generating PackInfo named mod:geckolib for mod file /workspaces/UniversoTherianer/servidor_minecraft/mods/geckolib-forge-1.20.1-4.7.3.jar
[27Feb2026 02:36:23.036] [main/DEBUG] [net.minecraftforge.server.ServerLifecycleHooks/CORE]: Generating PackInfo named mod:chunky for mod file /workspaces/UniversoTherianer/servidor_minecraft/mods/Chunky-1.3.146.jar
[27Feb2026 02:36:23.036] [main/DEBUG] [net.minecraftforge.server.ServerLifecycleHooks/CORE]: Generating PackInfo named mod:dungeons_arise for mod file /workspaces/UniversoTherianer/servidor_minecraft/mods/DungeonsArise-1.20.x-2.1.58-release.jar
[27Feb2026 02:36:23.036] [main/DEBUG] [net.minecraftforge.server.ServerLifecycleHooks/CORE]: Generating PackInfo named mod:travelersbackpack for mod file /workspaces/UniversoTherianer/servidor_minecraft/mods/travelersbackpack-forge-1.20.1-9.1.39.jar
[27Feb2026 02:36:23.037] [main/DEBUG] [net.minecraftforge.server.ServerLifecycleHooks/CORE]: Generating PackInfo named mod:jei for mod file /workspaces/UniversoTherianer/servidor_minecraft/mods/jei-1.20.1-forge-15.20.0.129.jar
[27Feb2026 02:36:23.980] [main/DEBUG] [net.minecraftforge.coremod.transformer.CoreModBaseTransformer/COREMOD]: Transforming net/minecraft/server/commands/SummonCommand
[27Feb2026 02:36:24.478] [Worker-Main-2/DEBUG] [net.minecraftforge.coremod.transformer.CoreModBaseTransformer/COREMOD]: Transforming net/minecraft/world/entity/raid/Raid
[27Feb2026 02:36:24.931] [main/INFO] [net.minecraft.world.item.crafting.RecipeManager/]: Loaded 7 recipes
[27Feb2026 02:36:25.099] [main/INFO] [net.minecraft.advancements.AdvancementList/]: Loaded 1493 advancements
[27Feb2026 02:36:25.661] [main/DEBUG] [net.minecraftforge.common.ForgeHooks/WP]: Gathering id map for writing to world save world
[27Feb2026 02:36:25.674] [main/DEBUG] [net.minecraftforge.common.ForgeHooks/WP]: ID Map collection complete world
[27Feb2026 02:36:25.718] [Server thread/INFO] [net.minecraft.server.dedicated.DedicatedServer/]: Starting minecraft server version 1.20.1
[27Feb2026 02:36:25.718] [Server thread/INFO] [net.minecraft.server.dedicated.DedicatedServer/]: Loading properties
[27Feb2026 02:36:25.718] [Server thread/INFO] [net.minecraft.server.dedicated.DedicatedServer/]: Default game type: SURVIVAL
[27Feb2026 02:36:25.718] [Server thread/INFO] [net.minecraft.server.MinecraftServer/]: Generating keypair
[27Feb2026 02:36:25.837] [Server thread/INFO] [net.minecraft.server.dedicated.DedicatedServer/]: Starting Minecraft server on *:25565
[27Feb2026 02:36:25.849] [Server thread/DEBUG] [net.minecraftforge.network.DualStackUtils/]: Detected IPv6 address: "0:0:0:0:0:0:0:0"
[27Feb2026 02:36:25.858] [Server thread/DEBUG] [io.netty.util.internal.NativeLibraryLoader/]: -Dio.netty.native.workdir: /tmp (io.netty.tmpdir)
[27Feb2026 02:36:25.859] [Server thread/DEBUG] [io.netty.util.internal.NativeLibraryLoader/]: -Dio.netty.native.deleteLibAfterLoading: true
[27Feb2026 02:36:25.859] [Server thread/DEBUG] [io.netty.util.internal.NativeLibraryLoader/]: -Dio.netty.native.tryPatchShadedId: true
[27Feb2026 02:36:25.859] [Server thread/DEBUG] [io.netty.util.internal.NativeLibraryLoader/]: -Dio.netty.native.detectNativeLibraryDuplicates: true
[27Feb2026 02:36:25.871] [Server thread/DEBUG] [io.netty.util.internal.NativeLibraryLoader/]: Successfully loaded the library /tmp/libnetty_transport_native_epoll_x86_6413394456761762949849.so
[27Feb2026 02:36:25.875] [Server thread/DEBUG] [io.netty.util.NetUtil/]: -Djava.net.preferIPv4Stack: false
[27Feb2026 02:36:25.875] [Server thread/DEBUG] [io.netty.util.NetUtil/]: -Djava.net.preferIPv6Addresses: true
[27Feb2026 02:36:25.878] [Server thread/DEBUG] [io.netty.util.NetUtilInitializations/]: Loopback interface: lo (lo, 0:0:0:0:0:0:0:1%lo)
[27Feb2026 02:36:25.881] [Server thread/DEBUG] [io.netty.util.NetUtil/]: /proc/sys/net/core/somaxconn: 4096
[27Feb2026 02:36:25.887] [Server thread/INFO] [net.minecraft.server.network.ServerConnectionListener/]: Using epoll channel type
[27Feb2026 02:36:25.905] [Server thread/DEBUG] [io.netty.channel.MultithreadEventLoopGroup/]: -Dio.netty.eventLoopThreads: 8
[27Feb2026 02:36:25.918] [Server thread/DEBUG] [io.netty.util.internal.InternalThreadLocalMap/]: -Dio.netty.threadLocalMap.stringBuilder.initialSize: 1024
[27Feb2026 02:36:25.918] [Server thread/DEBUG] [io.netty.util.internal.InternalThreadLocalMap/]: -Dio.netty.threadLocalMap.stringBuilder.maxSize: 4096
[27Feb2026 02:36:25.929] [Server thread/DEBUG] [io.netty.util.internal.PlatformDependent/]: org.jctools-core.MpscChunkedArrayQueue: available
[27Feb2026 02:36:25.939] [Server thread/DEBUG] [io.netty.channel.DefaultChannelId/]: -Dio.netty.processId: 13868 (auto-detected)
[27Feb2026 02:36:25.940] [Server thread/DEBUG] [io.netty.channel.DefaultChannelId/]: -Dio.netty.machineId: 60:45:bd:ff:fe:85:1c:e7 (auto-detected)
[27Feb2026 02:36:25.966] [Server thread/DEBUG] [io.netty.buffer.PooledByteBufAllocator/]: -Dio.netty.allocator.numHeapArenas: 8
[27Feb2026 02:36:25.966] [Server thread/DEBUG] [io.netty.buffer.PooledByteBufAllocator/]: -Dio.netty.allocator.numDirectArenas: 8
[27Feb2026 02:36:25.967] [Server thread/DEBUG] [io.netty.buffer.PooledByteBufAllocator/]: -Dio.netty.allocator.pageSize: 8192
[27Feb2026 02:36:25.967] [Server thread/DEBUG] [io.netty.buffer.PooledByteBufAllocator/]: -Dio.netty.allocator.maxOrder: 9
[27Feb2026 02:36:25.967] [Server thread/DEBUG] [io.netty.buffer.PooledByteBufAllocator/]: -Dio.netty.allocator.chunkSize: 4194304
[27Feb2026 02:36:25.967] [Server thread/DEBUG] [io.netty.buffer.PooledByteBufAllocator/]: -Dio.netty.allocator.smallCacheSize: 256
[27Feb2026 02:36:25.967] [Server thread/DEBUG] [io.netty.buffer.PooledByteBufAllocator/]: -Dio.netty.allocator.normalCacheSize: 64
[27Feb2026 02:36:25.967] [Server thread/DEBUG] [io.netty.buffer.PooledByteBufAllocator/]: -Dio.netty.allocator.maxCachedBufferCapacity: 32768
[27Feb2026 02:36:25.967] [Server thread/DEBUG] [io.netty.buffer.PooledByteBufAllocator/]: -Dio.netty.allocator.cacheTrimInterval: 8192
[27Feb2026 02:36:25.967] [Server thread/DEBUG] [io.netty.buffer.PooledByteBufAllocator/]: -Dio.netty.allocator.cacheTrimIntervalMillis: 0
[27Feb2026 02:36:25.967] [Server thread/DEBUG] [io.netty.buffer.PooledByteBufAllocator/]: -Dio.netty.allocator.useCacheForAllThreads: false
[27Feb2026 02:36:25.967] [Server thread/DEBUG] [io.netty.buffer.PooledByteBufAllocator/]: -Dio.netty.allocator.maxCachedByteBuffersPerChunk: 1023
[27Feb2026 02:36:25.977] [Server thread/DEBUG] [io.netty.buffer.ByteBufUtil/]: -Dio.netty.allocator.type: pooled
[27Feb2026 02:36:25.977] [Server thread/DEBUG] [io.netty.buffer.ByteBufUtil/]: -Dio.netty.threadLocalDirectBufferSize: 0
[27Feb2026 02:36:25.977] [Server thread/DEBUG] [io.netty.buffer.ByteBufUtil/]: -Dio.netty.maxThreadLocalCharBufferSize: 16384
[27Feb2026 02:36:25.988] [Server thread/WARN] [net.minecraft.server.dedicated.DedicatedServer/]: **** SERVER IS RUNNING IN OFFLINE/INSECURE MODE!
[27Feb2026 02:36:25.988] [Server thread/WARN] [net.minecraft.server.dedicated.DedicatedServer/]: The server will make no attempt to authenticate usernames. Beware.
[27Feb2026 02:36:25.988] [Server thread/WARN] [net.minecraft.server.dedicated.DedicatedServer/]: While this makes the game possible to play without internet access, it also opens up the ability for hackers to connect with any username they choose.
[27Feb2026 02:36:25.989] [Server thread/WARN] [net.minecraft.server.dedicated.DedicatedServer/]: To change this, set "online-mode" to "true" in the server.properties file.
[27Feb2026 02:36:26.009] [Server thread/DEBUG] [net.minecraftforge.fml.config.ConfigTracker/CONFIG]: Loading configs type SERVER
[27Feb2026 02:36:26.009] [Server thread/DEBUG] [net.minecraftforge.fml.config.ConfigFileTypeHandler/CONFIG]: Built TOML config for ./world/serverconfig/forge-server.toml
[27Feb2026 02:36:26.009] [Server thread/DEBUG] [net.minecraftforge.fml.config.ConfigFileTypeHandler/CONFIG]: Loaded TOML config file ./world/serverconfig/forge-server.toml
[27Feb2026 02:36:26.010] [Server thread/DEBUG] [net.minecraftforge.fml.config.ConfigFileTypeHandler/CONFIG]: Watching TOML config file ./world/serverconfig/forge-server.toml for changes
[27Feb2026 02:36:26.010] [Server thread/DEBUG] [net.minecraftforge.common.ForgeConfig/FORGEMOD]: Loaded forge config file forge-server.toml
[27Feb2026 02:36:26.011] [Server thread/DEBUG] [net.minecraftforge.fml.config.ConfigFileTypeHandler/CONFIG]: Built TOML config for ./world/serverconfig/travelersbackpack-server.toml
[27Feb2026 02:36:26.011] [Thread-0/DEBUG] [net.minecraftforge.fml.config.ConfigFileTypeHandler/CONFIG]: Config file forge-server.toml changed, sending notifies
[27Feb2026 02:36:26.011] [Thread-0/DEBUG] [net.minecraftforge.common.ForgeConfig/FORGEMOD]: Forge config just got changed on the file system!
[27Feb2026 02:36:26.012] [Thread-0/DEBUG] [net.minecraftforge.fml.config.ConfigFileTypeHandler/CONFIG]: Config file forge-server.toml changed, sending notifies
[27Feb2026 02:36:26.012] [Thread-0/DEBUG] [net.minecraftforge.common.ForgeConfig/FORGEMOD]: Forge config just got changed on the file system!
[27Feb2026 02:36:26.013] [Server thread/DEBUG] [net.minecraftforge.fml.config.ConfigFileTypeHandler/CONFIG]: Loaded TOML config file ./world/serverconfig/travelersbackpack-server.toml
[27Feb2026 02:36:26.013] [Server thread/DEBUG] [net.minecraftforge.fml.config.ConfigFileTypeHandler/CONFIG]: Watching TOML config file ./world/serverconfig/travelersbackpack-server.toml for changes
[27Feb2026 02:36:26.024] [Thread-0/DEBUG] [net.minecraftforge.fml.config.ConfigFileTypeHandler/CONFIG]: Config file travelersbackpack-server.toml changed, sending notifies
[27Feb2026 02:36:26.024] [Server thread/DEBUG] [net.minecraftforge.fml.config.ConfigFileTypeHandler/CONFIG]: Built TOML config for ./world/serverconfig/jei-server.toml
[27Feb2026 02:36:26.025] [Server thread/DEBUG] [net.minecraftforge.fml.config.ConfigFileTypeHandler/CONFIG]: Loaded TOML config file ./world/serverconfig/jei-server.toml
[27Feb2026 02:36:26.025] [Server thread/DEBUG] [net.minecraftforge.fml.config.ConfigFileTypeHandler/CONFIG]: Watching TOML config file ./world/serverconfig/jei-server.toml for changes
[27Feb2026 02:36:26.025] [Thread-0/DEBUG] [net.minecraftforge.fml.config.ConfigFileTypeHandler/CONFIG]: Config file jei-server.toml changed, sending notifies
[27Feb2026 02:36:26.028] [Thread-0/DEBUG] [net.minecraftforge.fml.config.ConfigFileTypeHandler/CONFIG]: Config file jei-server.toml changed, sending notifies
[27Feb2026 02:36:26.056] [Server thread/INFO] [net.minecraft.server.dedicated.DedicatedServer/]: Preparing level "world"
[27Feb2026 02:36:26.064] [Server thread/DEBUG] [net.minecraftforge.coremod.transformer.CoreModBaseTransformer/COREMOD]: Transforming net/minecraft/world/level/levelgen/PhantomSpawner
[27Feb2026 02:36:26.079] [Server thread/DEBUG] [net.minecraftforge.coremod.transformer.CoreModBaseTransformer/COREMOD]: Transforming net/minecraft/world/level/levelgen/PatrolSpawner
[27Feb2026 02:36:26.092] [Server thread/DEBUG] [net.minecraftforge.coremod.transformer.CoreModBaseTransformer/COREMOD]: Transforming net/minecraft/world/entity/npc/CatSpawner
[27Feb2026 02:36:26.103] [Server thread/DEBUG] [net.minecraftforge.coremod.transformer.CoreModBaseTransformer/COREMOD]: Transforming net/minecraft/world/entity/ai/village/VillageSiege
[27Feb2026 02:36:29.083] [Server thread/INFO] [net.minecraft.server.MinecraftServer/]: Preparing start region for dimension minecraft:overworld
[27Feb2026 02:36:30.159] [Server thread/DEBUG] [net.minecraftforge.coremod.transformer.CoreModBaseTransformer/COREMOD]: Transforming net/minecraft/world/level/levelgen/structure/templatesystem/StructureTemplate
[27Feb2026 02:36:33.596] [Worker-Main-2/INFO] [net.minecraft.server.level.progress.LoggerChunkProgressListener/]: Preparing spawn area: 0%
[27Feb2026 02:36:33.616] [Worker-Main-2/INFO] [net.minecraft.server.level.progress.LoggerChunkProgressListener/]: Preparing spawn area: 0%
[27Feb2026 02:36:33.626] [Worker-Main-2/INFO] [net.minecraft.server.level.progress.LoggerChunkProgressListener/]: Preparing spawn area: 0%
[27Feb2026 02:36:33.640] [Worker-Main-1/INFO] [net.minecraft.server.level.progress.LoggerChunkProgressListener/]: Preparing spawn area: 0%
[27Feb2026 02:36:33.647] [Worker-Main-2/INFO] [net.minecraft.server.level.progress.LoggerChunkProgressListener/]: Preparing spawn area: 0%
[27Feb2026 02:36:33.658] [Worker-Main-2/INFO] [net.minecraft.server.level.progress.LoggerChunkProgressListener/]: Preparing spawn area: 0%
[27Feb2026 02:36:33.668] [Worker-Main-3/INFO] [net.minecraft.server.level.progress.LoggerChunkProgressListener/]: Preparing spawn area: 0%
[27Feb2026 02:36:33.675] [Worker-Main-3/INFO] [net.minecraft.server.level.progress.LoggerChunkProgressListener/]: Preparing spawn area: 0%
[27Feb2026 02:36:33.680] [Worker-Main-3/INFO] [net.minecraft.server.level.progress.LoggerChunkProgressListener/]: Preparing spawn area: 0%
[27Feb2026 02:36:33.693] [Worker-Main-3/INFO] [net.minecraft.server.level.progress.LoggerChunkProgressListener/]: Preparing spawn area: 0%
[27Feb2026 02:36:34.104] [Worker-Main-3/INFO] [net.minecraft.server.level.progress.LoggerChunkProgressListener/]: Preparing spawn area: 0%
[27Feb2026 02:36:34.588] [Worker-Main-2/INFO] [net.minecraft.server.level.progress.LoggerChunkProgressListener/]: Preparing spawn area: 0%
[27Feb2026 02:36:35.086] [Worker-Main-3/INFO] [net.minecraft.server.level.progress.LoggerChunkProgressListener/]: Preparing spawn area: 24%
[27Feb2026 02:36:35.586] [Worker-Main-1/INFO] [net.minecraft.server.level.progress.LoggerChunkProgressListener/]: Preparing spawn area: 94%
[27Feb2026 02:36:35.713] [Server thread/INFO] [net.minecraft.server.level.progress.LoggerChunkProgressListener/]: Time elapsed: 6627 ms
[27Feb2026 02:36:35.713] [Server thread/INFO] [net.minecraft.server.dedicated.DedicatedServer/]: Done (9.705s)! For help, type "help"
[27Feb2026 02:36:35.725] [Server thread/DEBUG] [net.minecraftforge.network.DualStackUtils/]: Detected IPv6 address: "0:0:0:0:0:0:0:0"
[27Feb2026 02:36:35.742] [Server thread/DEBUG] [net.minecraftforge.common.ForgeI18n/CORE]: Loading I18N data entries: 2017
[27Feb2026 02:36:35.745] [Server thread/INFO] [net.minecraftforge.server.permission.PermissionAPI/]: Successfully initialized permission handler forge:default_handler
[27Feb2026 02:36:35.774] [Server thread/WARN] [voicechat/]: [voicechat] Running in offline mode - Voice chat encryption is not secure!
[27Feb2026 02:36:35.780] [Server thread/DEBUG] [voicechat/]: [voicechat] Using default voicechat socket implementation
[27Feb2026 02:36:35.785] [VoiceChatServerThread/INFO] [voicechat/]: [voicechat] Voice host is '100.111.63.21'
[27Feb2026 02:36:35.786] [VoiceChatServerThread/INFO] [voicechat/]: [voicechat] Voice chat server started at port 24454
[27Feb2026 02:36:35.812] [Server thread/DEBUG] [io.netty.buffer.AbstractByteBuf/]: -Dio.netty.buffer.checkAccessible: true
[27Feb2026 02:36:35.813] [Server thread/DEBUG] [io.netty.buffer.AbstractByteBuf/]: -Dio.netty.buffer.checkBounds: true
[27Feb2026 02:36:35.814] [Server thread/DEBUG] [io.netty.util.ResourceLeakDetectorFactory/]: Loaded default ResourceLeakDetector: io.netty.util.ResourceLeakDetector@554373f0
[27Feb2026 02:36:35.842] [Server thread/DEBUG] [net.minecraftforge.coremod.transformer.CoreModBaseTransformer/COREMOD]: Transforming net/minecraft/world/level/NaturalSpawner
[27Feb2026 02:39:39.391] [Server thread/INFO] [net.minecraft.server.MinecraftServer/]: Nothing changed. The player already is an operator
[27Feb2026 02:40:21.680] [Netty Epoll Server IO #1/DEBUG] [io.netty.util.Recycler/]: -Dio.netty.recycler.maxCapacityPerThread: 4096
[27Feb2026 02:40:21.680] [Netty Epoll Server IO #1/DEBUG] [io.netty.util.Recycler/]: -Dio.netty.recycler.ratio: 8
[27Feb2026 02:40:21.680] [Netty Epoll Server IO #1/DEBUG] [io.netty.util.Recycler/]: -Dio.netty.recycler.chunkSize: 32
[27Feb2026 02:40:21.680] [Netty Epoll Server IO #1/DEBUG] [io.netty.util.Recycler/]: -Dio.netty.recycler.blocking: false
[27Feb2026 02:40:28.479] [Netty Epoll Server IO #3/DEBUG] [net.minecraftforge.network.HandshakeHandler/FMLHANDSHAKE]: Starting new modded impl connection. Found 24 messages to dispatch.
[27Feb2026 02:40:28.486] [Server thread/DEBUG] [net.minecraftforge.network.HandshakeHandler/FMLHANDSHAKE]: Sending ticking packet info 'net.minecraftforge.network.HandshakeMessages$S2CModData' to 'fml:handshake' sequence 0
[27Feb2026 02:40:28.536] [Server thread/DEBUG] [net.minecraftforge.network.HandshakeHandler/FMLHANDSHAKE]: Sending ticking packet info 'net.minecraftforge.network.HandshakeMessages$S2CModList' to 'fml:handshake' sequence 1
[27Feb2026 02:40:28.586] [Server thread/DEBUG] [net.minecraftforge.network.HandshakeHandler/FMLHANDSHAKE]: Sending ticking packet info 'Registry minecraft:command_argument_type' to 'fml:handshake' sequence 2
[27Feb2026 02:40:28.636] [Server thread/DEBUG] [net.minecraftforge.network.HandshakeHandler/FMLHANDSHAKE]: Sending ticking packet info 'Registry minecraft:recipe_serializer' to 'fml:handshake' sequence 3
[27Feb2026 02:40:28.646] [Netty Epoll Server IO #3/DEBUG] [net.minecraftforge.network.LoginWrapper/FMLHANDSHAKE]: Recieved login wrapper packet event for channel fml:handshake with index 1
[27Feb2026 02:40:28.649] [Netty Epoll Server IO #3/DEBUG] [net.minecraftforge.network.HandshakeHandler/FMLHANDSHAKE]: Received client indexed reply 1 of type net.minecraftforge.network.HandshakeMessages$C2SModListReply
[27Feb2026 02:40:28.649] [Netty Epoll Server IO #3/DEBUG] [net.minecraftforge.network.HandshakeHandler/FMLHANDSHAKE]: Received client connection with modlist [minecraft, mixinextras, voicechat, voicechat_api, myserveriscompatible, jet_and_elias_armors, bossominium, geckolib, chunky, jei, dungeons_arise_seven_seas, forge, tlskincape, embeddium, rubidium, chloride, dungeons_arise, travelersbackpack]
[27Feb2026 02:40:28.650] [Netty Epoll Server IO #3/DEBUG] [net.minecraftforge.network.NetworkRegistry/NETREGISTRY]: Channel 'voicechat:secret' : Version test of 'ALLOWVANILLA 💓💓💓' from client : ACCEPTED
[27Feb2026 02:40:28.650] [Netty Epoll Server IO #3/DEBUG] [net.minecraftforge.network.NetworkRegistry/NETREGISTRY]: Channel 'voicechat:leave_group' : Version test of 'ALLOWVANILLA 💓💓💓' from client : ACCEPTED
[27Feb2026 02:40:28.650] [Netty Epoll Server IO #3/DEBUG] [net.minecraftforge.network.NetworkRegistry/NETREGISTRY]: Channel 'voicechat:create_group' : Version test of 'ALLOWVANILLA 💓💓💓' from client : ACCEPTED
[27Feb2026 02:40:28.650] [Netty Epoll Server IO #3/DEBUG] [net.minecraftforge.network.NetworkRegistry/NETREGISTRY]: Channel 'jei:channel' : Version test of '1.0.0' from client : ACCEPTED
[27Feb2026 02:40:28.650] [Netty Epoll Server IO #3/DEBUG] [net.minecraftforge.network.NetworkRegistry/NETREGISTRY]: Channel 'minecraft:unregister' : Version test of 'FML3' from client : ACCEPTED
[27Feb2026 02:40:28.650] [Netty Epoll Server IO #3/DEBUG] [net.minecraftforge.network.NetworkRegistry/NETREGISTRY]: Channel 'voicechat:states' : Version test of 'ALLOWVANILLA 💓💓💓' from client : ACCEPTED
[27Feb2026 02:40:28.651] [Netty Epoll Server IO #3/DEBUG] [net.minecraftforge.network.NetworkRegistry/NETREGISTRY]: Channel 'voicechat:set_group' : Version test of 'ALLOWVANILLA 💓💓💓' from client : ACCEPTED
[27Feb2026 02:40:28.651] [Netty Epoll Server IO #3/DEBUG] [net.minecraftforge.network.NetworkRegistry/NETREGISTRY]: Channel 'voicechat:joined_group' : Version test of 'ALLOWVANILLA 💓💓💓' from client : ACCEPTED
[27Feb2026 02:40:28.651] [Netty Epoll Server IO #3/DEBUG] [net.minecraftforge.network.NetworkRegistry/NETREGISTRY]: Channel 'travelersbackpack:network' : Version test of 'travelersbackpack:1' from client : ACCEPTED
[27Feb2026 02:40:28.651] [Netty Epoll Server IO #3/DEBUG] [net.minecraftforge.network.NetworkRegistry/NETREGISTRY]: Channel 'voicechat:update_state' : Version test of 'ALLOWVANILLA 💓💓💓' from client : ACCEPTED
[27Feb2026 02:40:28.651] [Netty Epoll Server IO #3/DEBUG] [net.minecraftforge.network.NetworkRegistry/NETREGISTRY]: Channel 'voicechat:add_group' : Version test of 'ALLOWVANILLA 💓💓💓' from client : ACCEPTED
[27Feb2026 02:40:28.651] [Netty Epoll Server IO #3/DEBUG] [net.minecraftforge.network.NetworkRegistry/NETREGISTRY]: Channel 'fml:loginwrapper' : Version test of 'FML3' from client : ACCEPTED
[27Feb2026 02:40:28.651] [Netty Epoll Server IO #3/DEBUG] [net.minecraftforge.network.NetworkRegistry/NETREGISTRY]: Channel 'forge:tier_sorting' : Version test of '1.0' from client : ACCEPTED
[27Feb2026 02:40:28.651] [Netty Epoll Server IO #3/DEBUG] [net.minecraftforge.network.NetworkRegistry/NETREGISTRY]: Channel 'jet_and_elias_armors:jet_and_elias_armors' : Version test of '1' from client : ACCEPTED
[27Feb2026 02:40:28.651] [Netty Epoll Server IO #3/DEBUG] [net.minecraftforge.network.NetworkRegistry/NETREGISTRY]: Channel 'fml:play' : Version test of 'FML3' from client : ACCEPTED
[27Feb2026 02:40:28.651] [Netty Epoll Server IO #3/DEBUG] [net.minecraftforge.network.NetworkRegistry/NETREGISTRY]: Channel 'voicechat:request_secret' : Version test of 'ALLOWVANILLA 💓💓💓' from client : ACCEPTED
[27Feb2026 02:40:28.651] [Netty Epoll Server IO #3/DEBUG] [net.minecraftforge.network.NetworkRegistry/NETREGISTRY]: Channel 'fml:handshake' : Version test of 'FML3' from client : ACCEPTED
[27Feb2026 02:40:28.651] [Netty Epoll Server IO #3/DEBUG] [net.minecraftforge.network.NetworkRegistry/NETREGISTRY]: Channel 'bossominium:bossominium' : Version test of '1' from client : ACCEPTED
[27Feb2026 02:40:28.651] [Netty Epoll Server IO #3/DEBUG] [net.minecraftforge.network.NetworkRegistry/NETREGISTRY]: Channel 'voicechat:state' : Version test of 'ALLOWVANILLA 💓💓💓' from client : ACCEPTED
[27Feb2026 02:40:28.651] [Netty Epoll Server IO #3/DEBUG] [net.minecraftforge.network.NetworkRegistry/NETREGISTRY]: Channel 'voicechat:remove_category' : Version test of 'ALLOWVANILLA 💓💓💓' from client : ACCEPTED
[27Feb2026 02:40:28.651] [Netty Epoll Server IO #3/DEBUG] [net.minecraftforge.network.NetworkRegistry/NETREGISTRY]: Channel 'voicechat:remove_group' : Version test of 'ALLOWVANILLA 💓💓💓' from client : ACCEPTED
[27Feb2026 02:40:28.651] [Netty Epoll Server IO #3/DEBUG] [net.minecraftforge.network.NetworkRegistry/NETREGISTRY]: Channel 'voicechat:add_category' : Version test of 'ALLOWVANILLA 💓💓💓' from client : ACCEPTED
[27Feb2026 02:40:28.651] [Netty Epoll Server IO #3/DEBUG] [net.minecraftforge.network.NetworkRegistry/NETREGISTRY]: Channel 'voicechat:remove_state' : Version test of 'ALLOWVANILLA 💓💓💓' from client : ACCEPTED
[27Feb2026 02:40:28.651] [Netty Epoll Server IO #3/DEBUG] [net.minecraftforge.network.NetworkRegistry/NETREGISTRY]: Channel 'minecraft:register' : Version test of 'FML3' from client : ACCEPTED
[27Feb2026 02:40:28.651] [Netty Epoll Server IO #3/DEBUG] [net.minecraftforge.network.NetworkRegistry/NETREGISTRY]: Channel 'forge:split' : Version test of '1.1' from client : ACCEPTED
[27Feb2026 02:40:28.651] [Netty Epoll Server IO #3/DEBUG] [net.minecraftforge.network.NetworkRegistry/NETREGISTRY]: Channel 'geckolib:main' : Version test of '1' from client : ACCEPTED
[27Feb2026 02:40:28.652] [Netty Epoll Server IO #3/DEBUG] [net.minecraftforge.network.NetworkRegistry/NETREGISTRY]: Accepting channel list from client
[27Feb2026 02:40:28.652] [Netty Epoll Server IO #3/DEBUG] [net.minecraftforge.network.HandshakeHandler/FMLHANDSHAKE]: Accepted client connection mod list
[27Feb2026 02:40:28.686] [Server thread/DEBUG] [net.minecraftforge.network.HandshakeHandler/FMLHANDSHAKE]: Sending ticking packet info 'Registry minecraft:sound_event' to 'fml:handshake' sequence 4
[27Feb2026 02:40:28.698] [Netty Epoll Server IO #3/DEBUG] [net.minecraftforge.network.LoginWrapper/FMLHANDSHAKE]: Recieved login wrapper packet event for channel fml:handshake with index 2
[27Feb2026 02:40:28.698] [Netty Epoll Server IO #3/DEBUG] [net.minecraftforge.network.HandshakeHandler/FMLHANDSHAKE]: Received client indexed reply 2 of type net.minecraftforge.network.HandshakeMessages$C2SAcknowledge
[27Feb2026 02:40:28.698] [Netty Epoll Server IO #3/DEBUG] [net.minecraftforge.network.HandshakeHandler/FMLHANDSHAKE]: Received acknowledgement from client
[27Feb2026 02:40:28.736] [Server thread/DEBUG] [net.minecraftforge.network.HandshakeHandler/FMLHANDSHAKE]: Sending ticking packet info 'Registry minecraft:particle_type' to 'fml:handshake' sequence 5
[27Feb2026 02:40:28.739] [Netty Epoll Server IO #3/DEBUG] [net.minecraftforge.network.LoginWrapper/FMLHANDSHAKE]: Recieved login wrapper packet event for channel fml:handshake with index 3
[27Feb2026 02:40:28.739] [Netty Epoll Server IO #3/DEBUG] [net.minecraftforge.network.HandshakeHandler/FMLHANDSHAKE]: Received client indexed reply 3 of type net.minecraftforge.network.HandshakeMessages$C2SAcknowledge
[27Feb2026 02:40:28.739] [Netty Epoll Server IO #3/DEBUG] [net.minecraftforge.network.HandshakeHandler/FMLHANDSHAKE]: Received acknowledgement from client
[27Feb2026 02:40:28.786] [Server thread/DEBUG] [net.minecraftforge.network.HandshakeHandler/FMLHANDSHAKE]: Sending ticking packet info 'Registry minecraft:villager_profession' to 'fml:handshake' sequence 6
[27Feb2026 02:40:28.836] [Server thread/DEBUG] [net.minecraftforge.network.HandshakeHandler/FMLHANDSHAKE]: Sending ticking packet info 'Registry minecraft:item' to 'fml:handshake' sequence 7
[27Feb2026 02:40:28.886] [Server thread/DEBUG] [net.minecraftforge.network.HandshakeHandler/FMLHANDSHAKE]: Sending ticking packet info 'Registry minecraft:potion' to 'fml:handshake' sequence 8
[27Feb2026 02:40:28.936] [Server thread/DEBUG] [net.minecraftforge.network.HandshakeHandler/FMLHANDSHAKE]: Sending ticking packet info 'Registry minecraft:painting_variant' to 'fml:handshake' sequence 9
[27Feb2026 02:40:28.986] [Server thread/DEBUG] [net.minecraftforge.network.HandshakeHandler/FMLHANDSHAKE]: Sending ticking packet info 'Registry forge:fluid_type' to 'fml:handshake' sequence 10
[27Feb2026 02:40:29.002] [Netty Epoll Server IO #3/DEBUG] [net.minecraftforge.network.LoginWrapper/FMLHANDSHAKE]: Recieved login wrapper packet event for channel fml:handshake with index 4
[27Feb2026 02:40:29.002] [Netty Epoll Server IO #3/DEBUG] [net.minecraftforge.network.HandshakeHandler/FMLHANDSHAKE]: Received client indexed reply 4 of type net.minecraftforge.network.HandshakeMessages$C2SAcknowledge
[27Feb2026 02:40:29.002] [Netty Epoll Server IO #3/DEBUG] [net.minecraftforge.network.HandshakeHandler/FMLHANDSHAKE]: Received acknowledgement from client
[27Feb2026 02:40:29.003] [Netty Epoll Server IO #3/DEBUG] [net.minecraftforge.network.LoginWrapper/FMLHANDSHAKE]: Recieved login wrapper packet event for channel fml:handshake with index 5
[27Feb2026 02:40:29.003] [Netty Epoll Server IO #3/DEBUG] [net.minecraftforge.network.HandshakeHandler/FMLHANDSHAKE]: Received client indexed reply 5 of type net.minecraftforge.network.HandshakeMessages$C2SAcknowledge
[27Feb2026 02:40:29.003] [Netty Epoll Server IO #3/DEBUG] [net.minecraftforge.network.HandshakeHandler/FMLHANDSHAKE]: Received acknowledgement from client
[27Feb2026 02:40:29.003] [Netty Epoll Server IO #3/DEBUG] [net.minecraftforge.network.LoginWrapper/FMLHANDSHAKE]: Recieved login wrapper packet event for channel fml:handshake with index 6
[27Feb2026 02:40:29.003] [Netty Epoll Server IO #3/DEBUG] [net.minecraftforge.network.HandshakeHandler/FMLHANDSHAKE]: Received client indexed reply 6 of type net.minecraftforge.network.HandshakeMessages$C2SAcknowledge
[27Feb2026 02:40:29.004] [Netty Epoll Server IO #3/DEBUG] [net.minecraftforge.network.HandshakeHandler/FMLHANDSHAKE]: Received acknowledgement from client
[27Feb2026 02:40:29.036] [Server thread/DEBUG] [net.minecraftforge.network.HandshakeHandler/FMLHANDSHAKE]: Sending ticking packet info 'Registry minecraft:block_entity_type' to 'fml:handshake' sequence 11
[27Feb2026 02:40:29.086] [Server thread/DEBUG] [net.minecraftforge.network.HandshakeHandler/FMLHANDSHAKE]: Sending ticking packet info 'Registry forge:display_contexts' to 'fml:handshake' sequence 12
[27Feb2026 02:40:29.098] [Netty Epoll Server IO #3/DEBUG] [net.minecraftforge.network.LoginWrapper/FMLHANDSHAKE]: Recieved login wrapper packet event for channel fml:handshake with index 7
[27Feb2026 02:40:29.098] [Netty Epoll Server IO #3/DEBUG] [net.minecraftforge.network.HandshakeHandler/FMLHANDSHAKE]: Received client indexed reply 7 of type net.minecraftforge.network.HandshakeMessages$C2SAcknowledge
[27Feb2026 02:40:29.098] [Netty Epoll Server IO #3/DEBUG] [net.minecraftforge.network.HandshakeHandler/FMLHANDSHAKE]: Received acknowledgement from client
[27Feb2026 02:40:29.098] [Netty Epoll Server IO #3/DEBUG] [net.minecraftforge.network.LoginWrapper/FMLHANDSHAKE]: Recieved login wrapper packet event for channel fml:handshake with index 8
[27Feb2026 02:40:29.098] [Netty Epoll Server IO #3/DEBUG] [net.minecraftforge.network.HandshakeHandler/FMLHANDSHAKE]: Received client indexed reply 8 of type net.minecraftforge.network.HandshakeMessages$C2SAcknowledge
[27Feb2026 02:40:29.098] [Netty Epoll Server IO #3/DEBUG] [net.minecraftforge.network.HandshakeHandler/FMLHANDSHAKE]: Received acknowledgement from client
[27Feb2026 02:40:29.102] [Netty Epoll Server IO #3/DEBUG] [net.minecraftforge.network.LoginWrapper/FMLHANDSHAKE]: Recieved login wrapper packet event for channel fml:handshake with index 9
[27Feb2026 02:40:29.102] [Netty Epoll Server IO #3/DEBUG] [net.minecraftforge.network.HandshakeHandler/FMLHANDSHAKE]: Received client indexed reply 9 of type net.minecraftforge.network.HandshakeMessages$C2SAcknowledge
[27Feb2026 02:40:29.102] [Netty Epoll Server IO #3/DEBUG] [net.minecraftforge.network.HandshakeHandler/FMLHANDSHAKE]: Received acknowledgement from client
[27Feb2026 02:40:29.103] [Netty Epoll Server IO #3/DEBUG] [net.minecraftforge.network.LoginWrapper/FMLHANDSHAKE]: Recieved login wrapper packet event for channel fml:handshake with index 10
[27Feb2026 02:40:29.103] [Netty Epoll Server IO #3/DEBUG] [net.minecraftforge.network.HandshakeHandler/FMLHANDSHAKE]: Received client indexed reply 10 of type net.minecraftforge.network.HandshakeMessages$C2SAcknowledge
[27Feb2026 02:40:29.103] [Netty Epoll Server IO #3/DEBUG] [net.minecraftforge.network.HandshakeHandler/FMLHANDSHAKE]: Received acknowledgement from client
[27Feb2026 02:40:29.136] [Server thread/DEBUG] [net.minecraftforge.network.HandshakeHandler/FMLHANDSHAKE]: Sending ticking packet info 'Registry minecraft:block' to 'fml:handshake' sequence 13
[27Feb2026 02:40:29.138] [Netty Epoll Server IO #3/DEBUG] [net.minecraftforge.network.LoginWrapper/FMLHANDSHAKE]: Recieved login wrapper packet event for channel fml:handshake with index 11
[27Feb2026 02:40:29.138] [Netty Epoll Server IO #3/DEBUG] [net.minecraftforge.network.HandshakeHandler/FMLHANDSHAKE]: Received client indexed reply 11 of type net.minecraftforge.network.HandshakeMessages$C2SAcknowledge
[27Feb2026 02:40:29.138] [Netty Epoll Server IO #3/DEBUG] [net.minecraftforge.network.HandshakeHandler/FMLHANDSHAKE]: Received acknowledgement from client
[27Feb2026 02:40:29.186] [Server thread/DEBUG] [net.minecraftforge.network.HandshakeHandler/FMLHANDSHAKE]: Sending ticking packet info 'Registry forge:entity_data_serializers' to 'fml:handshake' sequence 14
[27Feb2026 02:40:29.188] [Netty Epoll Server IO #3/DEBUG] [net.minecraftforge.network.LoginWrapper/FMLHANDSHAKE]: Recieved login wrapper packet event for channel fml:handshake with index 12
[27Feb2026 02:40:29.188] [Netty Epoll Server IO #3/DEBUG] [net.minecraftforge.network.HandshakeHandler/FMLHANDSHAKE]: Received client indexed reply 12 of type net.minecraftforge.network.HandshakeMessages$C2SAcknowledge
[27Feb2026 02:40:29.188] [Netty Epoll Server IO #3/DEBUG] [net.minecraftforge.network.HandshakeHandler/FMLHANDSHAKE]: Received acknowledgement from client
[27Feb2026 02:40:29.236] [Server thread/DEBUG] [net.minecraftforge.network.HandshakeHandler/FMLHANDSHAKE]: Sending ticking packet info 'Registry minecraft:mob_effect' to 'fml:handshake' sequence 15
[27Feb2026 02:40:29.246] [Netty Epoll Server IO #3/DEBUG] [net.minecraftforge.network.LoginWrapper/FMLHANDSHAKE]: Recieved login wrapper packet event for channel fml:handshake with index 13
[27Feb2026 02:40:29.246] [Netty Epoll Server IO #3/DEBUG] [net.minecraftforge.network.HandshakeHandler/FMLHANDSHAKE]: Received client indexed reply 13 of type net.minecraftforge.network.HandshakeMessages$C2SAcknowledge
[27Feb2026 02:40:29.246] [Netty Epoll Server IO #3/DEBUG] [net.minecraftforge.network.HandshakeHandler/FMLHANDSHAKE]: Received acknowledgement from client
[27Feb2026 02:40:29.286] [Server thread/DEBUG] [net.minecraftforge.network.HandshakeHandler/FMLHANDSHAKE]: Sending ticking packet info 'Registry minecraft:stat_type' to 'fml:handshake' sequence 16
[27Feb2026 02:40:29.288] [Netty Epoll Server IO #3/DEBUG] [net.minecraftforge.network.LoginWrapper/FMLHANDSHAKE]: Recieved login wrapper packet event for channel fml:handshake with index 14
[27Feb2026 02:40:29.288] [Netty Epoll Server IO #3/DEBUG] [net.minecraftforge.network.HandshakeHandler/FMLHANDSHAKE]: Received client indexed reply 14 of type net.minecraftforge.network.HandshakeMessages$C2SAcknowledge
[27Feb2026 02:40:29.288] [Netty Epoll Server IO #3/DEBUG] [net.minecraftforge.network.HandshakeHandler/FMLHANDSHAKE]: Received acknowledgement from client
[27Feb2026 02:40:29.336] [Server thread/DEBUG] [net.minecraftforge.network.HandshakeHandler/FMLHANDSHAKE]: Sending ticking packet info 'Registry minecraft:menu' to 'fml:handshake' sequence 17
[27Feb2026 02:40:29.338] [Netty Epoll Server IO #3/DEBUG] [net.minecraftforge.network.LoginWrapper/FMLHANDSHAKE]: Recieved login wrapper packet event for channel fml:handshake with index 15
[27Feb2026 02:40:29.338] [Netty Epoll Server IO #3/DEBUG] [net.minecraftforge.network.HandshakeHandler/FMLHANDSHAKE]: Received client indexed reply 15 of type net.minecraftforge.network.HandshakeMessages$C2SAcknowledge
[27Feb2026 02:40:29.338] [Netty Epoll Server IO #3/DEBUG] [net.minecraftforge.network.HandshakeHandler/FMLHANDSHAKE]: Received acknowledgement from client
[27Feb2026 02:40:29.386] [Server thread/DEBUG] [net.minecraftforge.network.HandshakeHandler/FMLHANDSHAKE]: Sending ticking packet info 'Registry minecraft:enchantment' to 'fml:handshake' sequence 18
[27Feb2026 02:40:29.388] [Netty Epoll Server IO #3/DEBUG] [net.minecraftforge.network.LoginWrapper/FMLHANDSHAKE]: Recieved login wrapper packet event for channel fml:handshake with index 16
[27Feb2026 02:40:29.388] [Netty Epoll Server IO #3/DEBUG] [net.minecraftforge.network.HandshakeHandler/FMLHANDSHAKE]: Received client indexed reply 16 of type net.minecraftforge.network.HandshakeMessages$C2SAcknowledge
[27Feb2026 02:40:29.388] [Netty Epoll Server IO #3/DEBUG] [net.minecraftforge.network.HandshakeHandler/FMLHANDSHAKE]: Received acknowledgement from client
[27Feb2026 02:40:29.436] [Server thread/DEBUG] [net.minecraftforge.network.HandshakeHandler/FMLHANDSHAKE]: Sending ticking packet info 'Registry minecraft:fluid' to 'fml:handshake' sequence 19
[27Feb2026 02:40:29.438] [Netty Epoll Server IO #3/DEBUG] [net.minecraftforge.network.LoginWrapper/FMLHANDSHAKE]: Recieved login wrapper packet event for channel fml:handshake with index 17
[27Feb2026 02:40:29.439] [Netty Epoll Server IO #3/DEBUG] [net.minecraftforge.network.HandshakeHandler/FMLHANDSHAKE]: Received client indexed reply 17 of type net.minecraftforge.network.HandshakeMessages$C2SAcknowledge
[27Feb2026 02:40:29.439] [Netty Epoll Server IO #3/DEBUG] [net.minecraftforge.network.HandshakeHandler/FMLHANDSHAKE]: Received acknowledgement from client
[27Feb2026 02:40:29.486] [Server thread/DEBUG] [net.minecraftforge.network.HandshakeHandler/FMLHANDSHAKE]: Sending ticking packet info 'Registry minecraft:entity_type' to 'fml:handshake' sequence 20
[27Feb2026 02:40:29.488] [Netty Epoll Server IO #3/DEBUG] [net.minecraftforge.network.LoginWrapper/FMLHANDSHAKE]: Recieved login wrapper packet event for channel fml:handshake with index 18
[27Feb2026 02:40:29.488] [Netty Epoll Server IO #3/DEBUG] [net.minecraftforge.network.HandshakeHandler/FMLHANDSHAKE]: Received client indexed reply 18 of type net.minecraftforge.network.HandshakeMessages$C2SAcknowledge
[27Feb2026 02:40:29.489] [Netty Epoll Server IO #3/DEBUG] [net.minecraftforge.network.HandshakeHandler/FMLHANDSHAKE]: Received acknowledgement from client
[27Feb2026 02:40:29.536] [Server thread/DEBUG] [net.minecraftforge.network.HandshakeHandler/FMLHANDSHAKE]: Sending ticking packet info 'Config travelersbackpack-server.toml' to 'fml:handshake' sequence 21
[27Feb2026 02:40:29.538] [Netty Epoll Server IO #3/DEBUG] [net.minecraftforge.network.LoginWrapper/FMLHANDSHAKE]: Recieved login wrapper packet event for channel fml:handshake with index 19
[27Feb2026 02:40:29.538] [Netty Epoll Server IO #3/DEBUG] [net.minecraftforge.network.HandshakeHandler/FMLHANDSHAKE]: Received client indexed reply 19 of type net.minecraftforge.network.HandshakeMessages$C2SAcknowledge
[27Feb2026 02:40:29.538] [Netty Epoll Server IO #3/DEBUG] [net.minecraftforge.network.HandshakeHandler/FMLHANDSHAKE]: Received acknowledgement from client
[27Feb2026 02:40:29.586] [Server thread/DEBUG] [net.minecraftforge.network.HandshakeHandler/FMLHANDSHAKE]: Sending ticking packet info 'Config forge-server.toml' to 'fml:handshake' sequence 22
[27Feb2026 02:40:29.636] [Server thread/DEBUG] [net.minecraftforge.network.HandshakeHandler/FMLHANDSHAKE]: Sending ticking packet info 'Config jei-server.toml' to 'fml:handshake' sequence 23
[27Feb2026 02:40:30.121] [Netty Epoll Server IO #3/DEBUG] [net.minecraftforge.network.LoginWrapper/FMLHANDSHAKE]: Recieved login wrapper packet event for channel fml:handshake with index 20
[27Feb2026 02:40:30.121] [Netty Epoll Server IO #3/DEBUG] [net.minecraftforge.network.HandshakeHandler/FMLHANDSHAKE]: Received client indexed reply 20 of type net.minecraftforge.network.HandshakeMessages$C2SAcknowledge
[27Feb2026 02:40:30.121] [Netty Epoll Server IO #3/DEBUG] [net.minecraftforge.network.HandshakeHandler/FMLHANDSHAKE]: Received acknowledgement from client
[27Feb2026 02:40:30.122] [Netty Epoll Server IO #3/DEBUG] [net.minecraftforge.network.LoginWrapper/FMLHANDSHAKE]: Recieved login wrapper packet event for channel fml:handshake with index 21
[27Feb2026 02:40:30.122] [Netty Epoll Server IO #3/DEBUG] [net.minecraftforge.network.HandshakeHandler/FMLHANDSHAKE]: Received client indexed reply 21 of type net.minecraftforge.network.HandshakeMessages$C2SAcknowledge
[27Feb2026 02:40:30.122] [Netty Epoll Server IO #3/DEBUG] [net.minecraftforge.network.HandshakeHandler/FMLHANDSHAKE]: Received acknowledgement from client
[27Feb2026 02:40:30.122] [Netty Epoll Server IO #3/DEBUG] [net.minecraftforge.network.LoginWrapper/FMLHANDSHAKE]: Recieved login wrapper packet event for channel fml:handshake with index 22
[27Feb2026 02:40:30.122] [Netty Epoll Server IO #3/DEBUG] [net.minecraftforge.network.HandshakeHandler/FMLHANDSHAKE]: Received client indexed reply 22 of type net.minecraftforge.network.HandshakeMessages$C2SAcknowledge
[27Feb2026 02:40:30.122] [Netty Epoll Server IO #3/DEBUG] [net.minecraftforge.network.HandshakeHandler/FMLHANDSHAKE]: Received acknowledgement from client
[27Feb2026 02:40:30.123] [Netty Epoll Server IO #3/DEBUG] [net.minecraftforge.network.LoginWrapper/FMLHANDSHAKE]: Recieved login wrapper packet event for channel fml:handshake with index 23
[27Feb2026 02:40:30.123] [Netty Epoll Server IO #3/DEBUG] [net.minecraftforge.network.HandshakeHandler/FMLHANDSHAKE]: Received client indexed reply 23 of type net.minecraftforge.network.HandshakeMessages$C2SAcknowledge
[27Feb2026 02:40:30.123] [Netty Epoll Server IO #3/DEBUG] [net.minecraftforge.network.HandshakeHandler/FMLHANDSHAKE]: Received acknowledgement from client
[27Feb2026 02:40:30.136] [Server thread/DEBUG] [net.minecraftforge.network.HandshakeHandler/FMLHANDSHAKE]: Handshake complete!
[27Feb2026 02:40:30.246] [Server thread/INFO] [net.minecraft.server.players.PlayerList/]: Jorgelson[/100.102.189.36:63220] logged in with entity id 160 at (161.7280209198924, 76.0, -44.27733801127993)
[27Feb2026 02:40:30.256] [Server thread/DEBUG] [net.minecraftforge.network.filters.NetworkFilters/]: Injected net.minecraftforge.network.filters.ForgeConnectionNetworkFilter@223f103d into net.minecraft.network.Connection@193a175
[27Feb2026 02:40:30.334] [Server thread/INFO] [net.minecraft.server.MinecraftServer/]: Jorgelson joined the game
[27Feb2026 02:40:30.497] [Server thread/DEBUG] [voicechat/]: [voicechat] Setting default state of Jorgelson: {disabled=false, disconnected=true, uuid=daf27306-cf72-3e7f-a763-7e5a3e845224, name=Jorgelson, group=null}
[27Feb2026 02:40:30.555] [Server thread/DEBUG] [io.netty.util.internal.ThreadLocalRandom/]: -Dio.netty.initialSeedUniquifier: 0xd3f64f4ae08bc4a3
[27Feb2026 02:40:31.928] [Server thread/INFO] [voicechat/]: [voicechat] Received secret request of Jorgelson (20)
[27Feb2026 02:40:31.929] [Server thread/DEBUG] [voicechat/]: [voicechat] Sending initial states to Jorgelson
[27Feb2026 02:40:31.929] [Server thread/DEBUG] [voicechat/]: [voicechat] Synchronizing 0 groups with Jorgelson
[27Feb2026 02:40:31.930] [Server thread/DEBUG] [voicechat/]: [voicechat] Synchronizing 0 volume categories with Jorgelson
[27Feb2026 02:40:31.931] [Server thread/INFO] [voicechat/]: [voicechat] Sent secret to Jorgelson
[27Feb2026 02:40:58.712] [IO-Worker-16/INFO] [net.minecraft.server.MinecraftServer/]: [Chunky] Task running for minecraft:overworld. Processed: 153154 chunks (9.79%), ETA: 0:06:17, Rate: 3740.0 cps, Current: -176, -7
[27Feb2026 02:40:59.711] [IO-Worker-16/INFO] [net.minecraft.server.MinecraftServer/]: [Chunky] Task running for minecraft:overworld. Processed: 158183 chunks (10.11%), ETA: 0:04:46, Rate: 4907.4 cps, Current: -184, 146
[27Feb2026 02:41:00.712] [IO-Worker-16/INFO] [net.minecraft.server.MinecraftServer/]: [Chunky] Task running for minecraft:overworld. Processed: 164941 chunks (10.54%), ETA: 0:04:01, Rate: 5785.4 cps, Current: -21, 193
[27Feb2026 02:41:06.452] [Server thread/INFO] [net.minecraft.server.MinecraftServer/]: [Chunky] Task running for minecraft:overworld. Processed: 171649 chunks (10.97%), ETA: 0:09:38, Rate: 2406.8 cps, Current: 186, 220
[27Feb2026 02:41:07.555] [Server thread/INFO] [net.minecraft.server.MinecraftServer/]: [Chunky] Task running for minecraft:overworld. Processed: 171659 chunks (10.97%), ETA: 0:11:00, Rate: 2110.6 cps, Current: 186, 218
[27Feb2026 02:41:08.964] [Server thread/INFO] [net.minecraft.server.MinecraftServer/]: [Chunky] Task running for minecraft:overworld. Processed: 171674 chunks (10.97%), ETA: 0:12:43, Rate: 1825.0 cps, Current: 185, 222
[27Feb2026 02:41:10.009] [Server thread/INFO] [net.minecraft.server.MinecraftServer/]: [Chunky] Task running for minecraft:overworld. Processed: 171693 chunks (10.97%), ETA: 0:13:59, Rate: 1659.2 cps, Current: 188, 215
[27Feb2026 02:41:11.024] [Server thread/INFO] [net.minecraft.server.MinecraftServer/]: [Chunky] Task running for minecraft:overworld. Processed: 171715 chunks (10.97%), ETA: 0:15:13, Rate: 1525.4 cps, Current: 186, 211
[27Feb2026 02:41:12.118] [Server thread/INFO] [net.minecraft.server.MinecraftServer/]: [Chunky] Task running for minecraft:overworld. Processed: 171737 chunks (10.97%), ETA: 0:16:32, Rate: 1403.5 cps, Current: 190, 207
[27Feb2026 02:41:14.120] [Server thread/INFO] [net.minecraft.server.MinecraftServer/]: [Chunky] Task running for minecraft:overworld. Processed: 171750 chunks (10.97%), ETA: 0:18:59, Rate: 1223.1 cps, Current: 184, 218
[27Feb2026 02:41:15.273] [Server thread/INFO] [net.minecraft.server.MinecraftServer/]: [Chunky] Task running for minecraft:overworld. Processed: 171773 chunks (10.98%), ETA: 0:20:22, Rate: 1139.9 cps, Current: 188, 201
[27Feb2026 02:41:16.349] [Server thread/INFO] [net.minecraft.server.MinecraftServer/]: [Chunky] Task running for minecraft:overworld. Processed: 171804 chunks (10.98%), ETA: 0:21:39, Rate: 1072.5 cps, Current: 182, 207
[27Feb2026 02:41:17.350] [Server thread/INFO] [net.minecraft.server.MinecraftServer/]: [Chunky] Task running for minecraft:overworld. Processed: 171855 chunks (10.98%), ETA: 0:22:48, Rate: 1017.9 cps, Current: 184, 202
[27Feb2026 02:41:18.365] [Server thread/INFO] [net.minecraft.server.MinecraftServer/]: [Chunky] Task running for minecraft:overworld. Processed: 171870 chunks (10.98%), ETA: 0:24:01, Rate: 966.4 cps, Current: 181, 200
[27Feb2026 02:41:19.374] [Server thread/WARN] [net.minecraft.world.level.entity.PersistentEntitySectionManager/]: UUID of added entity already exists: MinecartChest['Minecart with Chest'/481, l='ServerLevel[world]', x=2969.50, y=12.50, z=3086.50]
[27Feb2026 02:41:19.398] [Server thread/INFO] [net.minecraft.server.MinecraftServer/]: [Chunky] Task running for minecraft:overworld. Processed: 171952 chunks (10.99%), ETA: 0:25:10, Rate: 922.5 cps, Current: 185, 195
[27Feb2026 02:41:19.593] [Server thread/WARN] [net.minecraft.world.level.entity.PersistentEntitySectionManager/]: UUID of added entity already exists: MinecartChest['Minecart with Chest'/494, l='ServerLevel[world]', x=2988.50, y=31.50, z=3078.50]
[27Feb2026 02:41:20.453] [Server thread/INFO] [net.minecraft.server.MinecraftServer/]: [Chunky] Task running for minecraft:overworld. Processed: 171995 chunks (10.99%), ETA: 0:26:23, Rate: 879.7 cps, Current: 190, 193
[27Feb2026 02:41:21.551] [Server thread/INFO] [net.minecraft.server.MinecraftServer/]: [Chunky] Task running for minecraft:overworld. Processed: 172024 chunks (10.99%), ETA: 0:27:40, Rate: 838.8 cps, Current: 195, 195
[27Feb2026 02:41:22.612] [Server thread/INFO] [net.minecraft.server.MinecraftServer/]: [Chunky] Task running for minecraft:overworld. Processed: 172058 chunks (10.99%), ETA: 0:28:54, Rate: 803.2 cps, Current: 190, 223
[27Feb2026 02:41:23.630] [Server thread/INFO] [net.minecraft.server.MinecraftServer/]: [Chunky] Task running for minecraft:overworld. Processed: 172087 chunks (11.00%), ETA: 0:30:05, Rate: 771.7 cps, Current: 191, 203
[27Feb2026 02:41:24.868] [Server thread/INFO] [net.minecraft.server.MinecraftServer/]: [Chunky] Task running for minecraft:overworld. Processed: 172106 chunks (11.00%), ETA: 0:31:32, Rate: 736.0 cps, Current: 203, 195
[27Feb2026 02:41:25.971] [Server thread/INFO] [net.minecraft.server.MinecraftServer/]: [Chunky] Task running for minecraft:overworld. Processed: 172129 chunks (11.00%), ETA: 0:32:49, Rate: 707.2 cps, Current: 200, 197
[27Feb2026 02:41:26.975] [Server thread/INFO] [net.minecraft.server.MinecraftServer/]: [Chunky] Task running for minecraft:overworld. Processed: 172145 chunks (11.00%), ETA: 0:34:00, Rate: 682.7 cps, Current: 204, 199
[27Feb2026 02:41:27.999] [Server thread/INFO] [net.minecraft.server.MinecraftServer/]: [Chunky] Task running for minecraft:overworld. Processed: 172161 chunks (11.00%), ETA: 0:35:11, Rate: 659.5 cps, Current: 206, 198
[27Feb2026 02:41:29.018] [Server thread/INFO] [net.minecraft.server.MinecraftServer/]: [Chunky] Task running for minecraft:overworld. Processed: 172192 chunks (11.00%), ETA: 0:47:05, Rate: 492.9 cps, Current: 199, 203
[27Feb2026 02:41:30.026] [Server thread/INFO] [net.minecraft.server.MinecraftServer/]: [Chunky] Task running for minecraft:overworld. Processed: 172234 chunks (11.01%), ETA: 1:25:17, Rate: 272.2 cps, Current: 194, 203
[27Feb2026 02:41:31.084] [Server thread/INFO] [net.minecraft.server.MinecraftServer/]: [Chunky] Task running for minecraft:overworld. Processed: 172279 chunks (11.01%), ETA: 10:49:06, Rate: 35.8 cps, Current: 195, 210
[27Feb2026 02:41:32.122] [Server thread/INFO] [net.minecraft.server.MinecraftServer/]: [Chunky] Task running for minecraft:overworld. Processed: 172314 chunks (11.01%), ETA: 14:54:41, Rate: 25.9 cps, Current: 192, 215
[27Feb2026 02:41:33.134] [Server thread/INFO] [net.minecraft.server.MinecraftServer/]: [Chunky] Task running for minecraft:overworld. Processed: 172346 chunks (11.01%), ETA: 14:47:18, Rate: 26.2 cps, Current: 195, 220
[27Feb2026 02:41:34.152] [Server thread/INFO] [net.minecraft.server.MinecraftServer/]: [Chunky] Task running for minecraft:overworld. Processed: 172380 chunks (11.01%), ETA: 14:38:22, Rate: 26.4 cps, Current: 199, 211
[27Feb2026 02:41:35.174] [Server thread/INFO] [net.minecraft.server.MinecraftServer/]: [Chunky] Task running for minecraft:overworld. Processed: 172401 chunks (11.02%), ETA: 14:45:22, Rate: 26.2 cps, Current: 201, 221
[27Feb2026 02:41:35.817] [Server thread/DEBUG] [net.minecraftforge.common.ForgeHooks/WP]: Gathering id map for writing to world save world
[27Feb2026 02:41:35.831] [Server thread/DEBUG] [net.minecraftforge.common.ForgeHooks/WP]: ID Map collection complete world
[27Feb2026 02:41:36.412] [Server thread/INFO] [net.minecraft.server.MinecraftServer/]: [Chunky] Task running for minecraft:overworld. Processed: 172424 chunks (11.02%), ETA: 14:56:06, Rate: 25.9 cps, Current: 205, 221
[27Feb2026 02:41:37.465] [Server thread/INFO] [net.minecraft.server.MinecraftServer/]: [Chunky] Task running for minecraft:overworld. Processed: 172443 chunks (11.02%), ETA: 14:44:17, Rate: 26.2 cps, Current: 206, 213
[27Feb2026 02:41:38.499] [Server thread/INFO] [net.minecraft.server.MinecraftServer/]: [Chunky] Task running for minecraft:overworld. Processed: 172514 chunks (11.02%), ETA: 13:34:59, Rate: 28.5 cps, Current: 207, 208
[27Feb2026 02:41:39.267] [Worker-Main-12/ERROR] [net.minecraft.world.entity.decoration.HangingEntity/]: Hanging entity at invalid position: BlockPos{x=-177, y=-55, z=-77}
[27Feb2026 02:41:39.269] [Worker-Main-12/ERROR] [net.minecraft.world.entity.decoration.HangingEntity/]: Hanging entity at invalid position: BlockPos{x=-181, y=-50, z=-73}
[27Feb2026 02:41:39.269] [Worker-Main-12/ERROR] [net.minecraft.world.entity.decoration.HangingEntity/]: Hanging entity at invalid position: BlockPos{x=-182, y=-45, z=-75}
[27Feb2026 02:41:39.270] [Worker-Main-12/ERROR] [net.minecraft.world.entity.decoration.HangingEntity/]: Hanging entity at invalid position: BlockPos{x=-172, y=-54, z=-70}
[27Feb2026 02:41:39.314] [Worker-Main-12/ERROR] [net.minecraft.world.level.block.entity.SculkShriekerBlockEntity/]: No key selector in MapLike[{event_delay:0,event_distance:0.0f,range:8,source:{pos:[I;-425,-56,-205],type:"minecraft:block"}}]
[27Feb2026 02:41:39.335] [Worker-Main-12/ERROR] [net.minecraft.world.entity.decoration.HangingEntity/]: Hanging entity at invalid position: BlockPos{x=-192, y=-54, z=-74}
[27Feb2026 02:41:39.336] [Worker-Main-12/ERROR] [net.minecraft.world.entity.decoration.HangingEntity/]: Hanging entity at invalid position: BlockPos{x=-192, y=-50, z=-77}
[27Feb2026 02:41:39.336] [Worker-Main-12/ERROR] [net.minecraft.world.entity.decoration.HangingEntity/]: Hanging entity at invalid position: BlockPos{x=-187, y=-50, z=-72}
[27Feb2026 02:41:39.337] [Worker-Main-12/ERROR] [net.minecraft.world.entity.decoration.HangingEntity/]: Hanging entity at invalid position: BlockPos{x=-184, y=-45, z=-75}
[27Feb2026 02:41:39.528] [Server thread/INFO] [net.minecraft.server.MinecraftServer/]: [Chunky] Task running for minecraft:overworld. Processed: 172522 chunks (11.02%), ETA: 13:45:23, Rate: 28.1 cps, Current: 210, 209
[27Feb2026 02:41:39.577] [Worker-Main-10/ERROR] [net.minecraft.world.entity.decoration.HangingEntity/]: Hanging entity at invalid position: BlockPos{x=-423, y=-50, z=-211}
[27Feb2026 02:41:39.592] [Worker-Main-10/ERROR] [net.minecraft.world.entity.decoration.HangingEntity/]: Hanging entity at invalid position: BlockPos{x=-195, y=-54, z=-92}
[27Feb2026 02:41:39.592] [Worker-Main-10/ERROR] [net.minecraft.world.entity.decoration.HangingEntity/]: Hanging entity at invalid position: BlockPos{x=-192, y=-54, z=-88}
[27Feb2026 02:41:39.593] [Worker-Main-10/ERROR] [net.minecraft.world.entity.decoration.HangingEntity/]: Hanging entity at invalid position: BlockPos{x=-192, y=-50, z=-85}
[27Feb2026 02:41:39.593] [Worker-Main-10/ERROR] [net.minecraft.world.entity.decoration.HangingEntity/]: Hanging entity at invalid position: BlockPos{x=-183, y=-51, z=-89}
[27Feb2026 02:41:39.593] [Worker-Main-10/ERROR] [net.minecraft.world.entity.decoration.HangingEntity/]: Hanging entity at invalid position: BlockPos{x=-186, y=-50, z=-90}
[27Feb2026 02:41:39.595] [Worker-Main-10/ERROR] [net.minecraft.world.entity.decoration.HangingEntity/]: Hanging entity at invalid position: BlockPos{x=-186, y=-45, z=-87}
[27Feb2026 02:41:39.596] [Worker-Main-10/ERROR] [net.minecraft.world.entity.decoration.HangingEntity/]: Hanging entity at invalid position: BlockPos{x=-189, y=-45, z=-84}
[27Feb2026 02:41:40.003] [Worker-Main-12/ERROR] [net.minecraft.world.entity.decoration.HangingEntity/]: Hanging entity at invalid position: BlockPos{x=-420, y=-50, z=-211}
[27Feb2026 02:41:40.004] [Worker-Main-12/ERROR] [net.minecraft.world.entity.decoration.HangingEntity/]: Hanging entity at invalid position: BlockPos{x=-413, y=-49, z=-217}
[27Feb2026 02:41:40.004] [Worker-Main-12/ERROR] [net.minecraft.world.entity.decoration.HangingEntity/]: Hanging entity at invalid position: BlockPos{x=-418, y=-50, z=-208}
[27Feb2026 02:41:40.025] [Worker-Main-12/ERROR] [net.minecraft.world.entity.decoration.HangingEntity/]: Hanging entity at invalid position: BlockPos{x=-178, y=-45, z=-85}
[27Feb2026 02:41:40.025] [Worker-Main-12/ERROR] [net.minecraft.world.entity.decoration.HangingEntity/]: Hanging entity at invalid position: BlockPos{x=-178, y=-41, z=-89}
[27Feb2026 02:41:40.026] [Worker-Main-12/ERROR] [net.minecraft.world.entity.decoration.HangingEntity/]: Hanging entity at invalid position: BlockPos{x=-172, y=-54, z=-92}
[27Feb2026 02:41:40.026] [Worker-Main-12/ERROR] [net.minecraft.world.entity.decoration.HangingEntity/]: Hanging entity at invalid position: BlockPos{x=-172, y=-54, z=-93}
[27Feb2026 02:41:40.027] [Worker-Main-12/ERROR] [net.minecraft.world.entity.decoration.HangingEntity/]: Hanging entity at invalid position: BlockPos{x=-175, y=-41, z=-90}
[27Feb2026 02:41:40.547] [Server thread/INFO] [net.minecraft.server.MinecraftServer/]: [Chunky] Task running for minecraft:overworld. Processed: 172541 chunks (11.02%), ETA: 13:48:29, Rate: 28.0 cps, Current: 212, 212
[27Feb2026 02:41:41.575] [Server thread/INFO] [net.minecraft.server.MinecraftServer/]: [Chunky] Task running for minecraft:overworld. Processed: 172577 chunks (11.03%), ETA: 13:32:52, Rate: 28.5 cps, Current: 210, 216
[27Feb2026 02:41:42.605] [Server thread/INFO] [net.minecraft.server.MinecraftServer/]: [Chunky] Task running for minecraft:overworld. Processed: 172607 chunks (11.03%), ETA: 12:50:26, Rate: 30.1 cps, Current: 212, 221
[27Feb2026 02:41:43.632] [Server thread/INFO] [net.minecraft.server.MinecraftServer/]: [Chunky] Task running for minecraft:overworld. Processed: 172634 chunks (11.03%), ETA: 12:53:51, Rate: 30.0 cps, Current: 199, 223
[27Feb2026 02:41:44.652] [Server thread/INFO] [net.minecraft.server.MinecraftServer/]: [Chunky] Task running for minecraft:overworld. Processed: 172661 chunks (11.03%), ETA: 12:46:52, Rate: 30.3 cps, Current: 219, 221
[27Feb2026 02:41:45.397] [Chunky-minecraft:overworld Thread/INFO] [net.minecraft.server.MinecraftServer/]: [Chunky] Task stopped for minecraft:overworld.
[27Feb2026 02:41:47.107] [Server thread/INFO] [net.minecraft.server.network.ServerGamePacketListenerImpl/]: Jorgelson lost connection: Disconnected
[27Feb2026 02:41:47.107] [Server thread/INFO] [net.minecraft.server.MinecraftServer/]: Jorgelson left the game
[27Feb2026 02:41:47.114] [Server thread/DEBUG] [voicechat/]: [voicechat] Removing state of Jorgelson
[27Feb2026 02:41:47.118] [Server thread/INFO] [voicechat/]: [voicechat] Disconnecting client Jorgelson
[27Feb2026 02:42:31.837] [Server thread/INFO] [net.minecraft.server.MinecraftServer/]: Stopping the server
[27Feb2026 02:42:31.887] [Server thread/INFO] [net.minecraft.server.MinecraftServer/]: Stopping server
[27Feb2026 02:42:31.889] [Server thread/INFO] [net.minecraft.server.MinecraftServer/]: Saving players
[27Feb2026 02:42:31.889] [Server thread/INFO] [net.minecraft.server.MinecraftServer/]: Saving worlds
[27Feb2026 02:42:31.936] [Server thread/INFO] [net.minecraft.server.MinecraftServer/]: Saving chunks for level 'ServerLevel[world]'/minecraft:overworld
[27Feb2026 02:42:32.040] [Server thread/INFO] [net.minecraft.server.MinecraftServer/]: Saving chunks for level 'ServerLevel[world]'/minecraft:the_end
[27Feb2026 02:42:32.041] [Server thread/INFO] [net.minecraft.server.MinecraftServer/]: Saving chunks for level 'ServerLevel[world]'/minecraft:the_nether
[27Feb2026 02:42:32.042] [Server thread/DEBUG] [net.minecraftforge.common.ForgeHooks/WP]: Gathering id map for writing to world save world
[27Feb2026 02:42:32.049] [Server thread/DEBUG] [net.minecraftforge.common.ForgeHooks/WP]: ID Map collection complete world
[27Feb2026 02:42:32.059] [Server thread/INFO] [net.minecraft.server.MinecraftServer/]: ThreadedAnvilChunkStorage (world): All chunks are saved
[27Feb2026 02:42:32.059] [Server thread/INFO] [net.minecraft.server.MinecraftServer/]: ThreadedAnvilChunkStorage (DIM1): All chunks are saved
[27Feb2026 02:42:32.061] [Server thread/INFO] [net.minecraft.server.MinecraftServer/]: ThreadedAnvilChunkStorage (DIM-1): All chunks are saved
[27Feb2026 02:42:32.061] [Server thread/INFO] [net.minecraft.server.MinecraftServer/]: ThreadedAnvilChunkStorage: All dimensions are saved
[27Feb2026 02:42:32.112] [Server thread/DEBUG] [net.minecraftforge.fml.config.ConfigTracker/CONFIG]: Unloading configs type SERVER
